random_state,earthworm_shannon_z_r2,earthworm_richness_z_r2,Modelo,r2_medio_prioritarios
0,0.3898016099461643,0.4895472609270274,XGBoost Individual,0.43967443543659585
1,0.3898016099461643,0.4895472609270274,XGBoost Individual,0.43967443543659585
2,0.3898016099461643,0.4895472609270274,XGBoost Individual,0.43967443543659585
3,0.3898016099461643,0.4895472609270274,XGBoost Individual,0.43967443543659585
4,0.3898016099461643,0.4895472609270274,XGBoost Individual,0.43967443543659585
5,0.3898016099461643,0.4895472609270274,XGBoost Individual,0.43967443543659585
6,0.3898016099461643,0.4895472609270274,XGBoost Individual,0.43967443543659585
7,0.3898016099461643,0.4895472609270274,XGBoost Individual,0.43967443543659585
8,0.3898016099461643,0.4895472609270274,XGBoost Individual,0.43967443543659585
9,0.3898016099461643,0.4895472609270274,XGBoost Individual,0.43967443543659585
10,0.3898016099461643,0.4895472609270274,XGBoost Individual,0.43967443543659585
11,0.3898016099461643,0.4895472609270274,XGBoost Individual,0.43967443543659585
12,0.3898016099461643,0.4895472609270274,XGBoost Individual,0.43967443543659585
13,0.3898016099461643,0.4895472609270274,XGBoost Individual,0.43967443543659585
14,0.3898016099461643,0.4895472609270274,XGBoost Individual,0.43967443543659585
15,0.3898016099461643,0.4895472609270274,XGBoost Individual,0.43967443543659585
16,0.3898016099461643,0.4895472609270274,XGBoost Individual,0.43967443543659585
17,0.3898016099461643,0.4895472609270274,XGBoost Individual,0.43967443543659585
18,0.3898016099461643,0.4895472609270274,XGBoost Individual,0.43967443543659585
19,0.3898016099461643,0.4895472609270274,XGBoost Individual,0.43967443543659585
20,0.3898016099461643,0.4895472609270274,XGBoost Individual,0.43967443543659585
21,0.3898016099461643,0.4895472609270274,XGBoost Individual,0.43967443543659585
22,0.3898016099461643,0.4895472609270274,XGBoost Individual,0.43967443543659585
23,0.3898016099461643,0.4895472609270274,XGBoost Individual,0.43967443543659585
24,0.3898016099461643,0.4895472609270274,XGBoost Individual,0.43967443543659585
25,0.3898016099461643,0.4895472609270274,XGBoost Individual,0.43967443543659585
26,0.3898016099461643,0.4895472609270274,XGBoost Individual,0.43967443543659585
27,0.3898016099461643,0.4895472609270274,XGBoost Individual,0.43967443543659585
28,0.3898016099461643,0.4895472609270274,XGBoost Individual,0.43967443543659585
29,0.3898016099461643,0.4895472609270274,XGBoost Individual,0.43967443543659585
30,0.3898016099461643,0.4895472609270274,XGBoost Individual,0.43967443543659585
31,0.3898016099461643,0.4895472609270274,XGBoost Individual,0.43967443543659585
32,0.3898016099461643,0.4895472609270274,XGBoost Individual,0.43967443543659585
33,0.3898016099461643,0.4895472609270274,XGBoost Individual,0.43967443543659585
34,0.3898016099461643,0.4895472609270274,XGBoost Individual,0.43967443543659585
35,0.3898016099461643,0.4895472609270274,XGBoost Individual,0.43967443543659585
36,0.3898016099461643,0.4895472609270274,XGBoost Individual,0.43967443543659585
37,0.3898016099461643,0.4895472609270274,XGBoost Individual,0.43967443543659585
38,0.3898016099461643,0.4895472609270274,XGBoost Individual,0.43967443543659585
39,0.3898016099461643,0.4895472609270274,XGBoost Individual,0.43967443543659585
40,0.3898016099461643,0.4895472609270274,XGBoost Individual,0.43967443543659585
41,0.3898016099461643,0.4895472609270274,XGBoost Individual,0.43967443543659585
42,0.3898016099461643,0.4895472609270274,XGBoost Individual,0.43967443543659585
43,0.3898016099461643,0.4895472609270274,XGBoost Individual,0.43967443543659585
44,0.3898016099461643,0.4895472609270274,XGBoost Individual,0.43967443543659585
45,0.3898016099461643,0.4895472609270274,XGBoost Individual,0.43967443543659585
46,0.3898016099461643,0.4895472609270274,XGBoost Individual,0.43967443543659585
47,0.3898016099461643,0.4895472609270274,XGBoost Individual,0.43967443543659585
48,0.3898016099461643,0.4895472609270274,XGBoost Individual,0.43967443543659585
49,0.3898016099461643,0.4895472609270274,XGBoost Individual,0.43967443543659585
50,0.3898016099461643,0.4895472609270274,XGBoost Individual,0.43967443543659585
51,0.3898016099461643,0.4895472609270274,XGBoost Individual,0.43967443543659585
52,0.3898016099461643,0.4895472609270274,XGBoost Individual,0.43967443543659585
53,0.3898016099461643,0.4895472609270274,XGBoost Individual,0.43967443543659585
54,0.3898016099461643,0.4895472609270274,XGBoost Individual,0.43967443543659585
55,0.3898016099461643,0.4895472609270274,XGBoost Individual,0.43967443543659585
56,0.3898016099461643,0.4895472609270274,XGBoost Individual,0.43967443543659585
57,0.3898016099461643,0.4895472609270274,XGBoost Individual,0.43967443543659585
58,0.3898016099461643,0.4895472609270274,XGBoost Individual,0.43967443543659585
59,0.3898016099461643,0.4895472609270274,XGBoost Individual,0.43967443543659585
60,0.3898016099461643,0.4895472609270274,XGBoost Individual,0.43967443543659585
61,0.3898016099461643,0.4895472609270274,XGBoost Individual,0.43967443543659585
62,0.3898016099461643,0.4895472609270274,XGBoost Individual,0.43967443543659585
63,0.3898016099461643,0.4895472609270274,XGBoost Individual,0.43967443543659585
64,0.3898016099461643,0.4895472609270274,XGBoost Individual,0.43967443543659585
65,0.3898016099461643,0.4895472609270274,XGBoost Individual,0.43967443543659585
66,0.3898016099461643,0.4895472609270274,XGBoost Individual,0.43967443543659585
67,0.3898016099461643,0.4895472609270274,XGBoost Individual,0.43967443543659585
68,0.3898016099461643,0.4895472609270274,XGBoost Individual,0.43967443543659585
69,0.3898016099461643,0.4895472609270274,XGBoost Individual,0.43967443543659585
70,0.3898016099461643,0.4895472609270274,XGBoost Individual,0.43967443543659585
71,0.3898016099461643,0.4895472609270274,XGBoost Individual,0.43967443543659585
72,0.3898016099461643,0.4895472609270274,XGBoost Individual,0.43967443543659585
73,0.3898016099461643,0.4895472609270274,XGBoost Individual,0.43967443543659585
74,0.3898016099461643,0.4895472609270274,XGBoost Individual,0.43967443543659585
75,0.3898016099461643,0.4895472609270274,XGBoost Individual,0.43967443543659585
76,0.3898016099461643,0.4895472609270274,XGBoost Individual,0.43967443543659585
77,0.3898016099461643,0.4895472609270274,XGBoost Individual,0.43967443543659585
78,0.3898016099461643,0.4895472609270274,XGBoost Individual,0.43967443543659585
79,0.3898016099461643,0.4895472609270274,XGBoost Individual,0.43967443543659585
80,0.3898016099461643,0.4895472609270274,XGBoost Individual,0.43967443543659585
81,0.3898016099461643,0.4895472609270274,XGBoost Individual,0.43967443543659585
82,0.3898016099461643,0.4895472609270274,XGBoost Individual,0.43967443543659585
83,0.3898016099461643,0.4895472609270274,XGBoost Individual,0.43967443543659585
84,0.3898016099461643,0.4895472609270274,XGBoost Individual,0.43967443543659585
85,0.3898016099461643,0.4895472609270274,XGBoost Individual,0.43967443543659585
86,0.3898016099461643,0.4895472609270274,XGBoost Individual,0.43967443543659585
87,0.3898016099461643,0.4895472609270274,XGBoost Individual,0.43967443543659585
88,0.3898016099461643,0.4895472609270274,XGBoost Individual,0.43967443543659585
89,0.3898016099461643,0.4895472609270274,XGBoost Individual,0.43967443543659585
90,0.3898016099461643,0.4895472609270274,XGBoost Individual,0.43967443543659585
91,0.3898016099461643,0.4895472609270274,XGBoost Individual,0.43967443543659585
92,0.3898016099461643,0.4895472609270274,XGBoost Individual,0.43967443543659585
93,0.3898016099461643,0.4895472609270274,XGBoost Individual,0.43967443543659585
94,0.3898016099461643,0.4895472609270274,XGBoost Individual,0.43967443543659585
95,0.3898016099461643,0.4895472609270274,XGBoost Individual,0.43967443543659585
96,0.3898016099461643,0.4895472609270274,XGBoost Individual,0.43967443543659585
97,0.3898016099461643,0.4895472609270274,XGBoost Individual,0.43967443543659585
98,0.3898016099461643,0.4895472609270274,XGBoost Individual,0.43967443543659585
99,0.3898016099461643,0.4895472609270274,XGBoost Individual,0.43967443543659585
100,0.3898016099461643,0.4895472609270274,XGBoost Individual,0.43967443543659585
0,0.5390272520927675,0.5789599129377385,XGBoost Multisalida,0.558993582515253
1,0.5201944813835258,0.5991417665952389,XGBoost Multisalida,0.5596681239893824
2,0.5390204984265297,0.5687486763713632,XGBoost Multisalida,0.5538845873989464
3,0.5459103889651812,0.5772245714171077,XGBoost Multisalida,0.5615674801911444
4,0.529470864679082,0.5743415244095185,XGBoost Multisalida,0.5519061945443002
5,0.5236735993879669,0.5899985975282767,XGBoost Multisalida,0.5568360984581218
6,0.5214637534793733,0.6056343989863958,XGBoost Multisalida,0.5635490762328845
7,0.5286855079543571,0.5931071470552892,XGBoost Multisalida,0.5608963275048231
8,0.5375239567878154,0.5851148782370277,XGBoost Multisalida,0.5613194175124215
9,0.5239131163624124,0.5844944213894738,XGBoost Multisalida,0.5542037688759431
10,0.5301010044554173,0.5785879301007008,XGBoost Multisalida,0.5543444672780591
11,0.5358855313702384,0.5786304720796678,XGBoost Multisalida,0.5572580017249531
12,0.5577681488350661,0.6074872894958134,XGBoost Multisalida,0.5826277191654398
13,0.5612050436301596,0.5884026292654064,XGBoost Multisalida,0.574803836447783
14,0.5393303362225568,0.5814413102244187,XGBoost Multisalida,0.5603858232234877
15,0.5220768861978635,0.6105911717177193,XGBoost Multisalida,0.5663340289577914
16,0.5375367050466053,0.5940687494499739,XGBoost Multisalida,0.5658027272482896
17,0.5248557681058589,0.5933602160731981,XGBoost Multisalida,0.5591079920895285
18,0.5380037208595919,0.6000198615961345,XGBoost Multisalida,0.5690117912278632
19,0.5334479667710392,0.6001780790779806,XGBoost Multisalida,0.5668130229245099
20,0.538108440587649,0.5858078606233136,XGBoost Multisalida,0.5619581506054813
21,0.5476552436410753,0.6008037617368767,XGBoost Multisalida,0.574229502688976
22,0.5354425418701847,0.5896170882346341,XGBoost Multisalida,0.5625298150524094
23,0.5289550272744774,0.579380299416677,XGBoost Multisalida,0.5541676633455772
24,0.5346146831852365,0.5894710849725097,XGBoost Multisalida,0.5620428840788732
25,0.5317888568895504,0.5773778740681281,XGBoost Multisalida,0.5545833654788392
26,0.5208616605158737,0.5777872804139632,XGBoost Multisalida,0.5493244704649185
27,0.5360647244853706,0.6024979942728761,XGBoost Multisalida,0.5692813593791233
28,0.5444144434907612,0.5875554603458985,XGBoost Multisalida,0.5659849519183298
29,0.5251109618826679,0.5774354683644676,XGBoost Multisalida,0.5512732151235678
30,0.522309983928694,0.5707764715038803,XGBoost Multisalida,0.5465432277162872
31,0.5318315787863535,0.5953525634853396,XGBoost Multisalida,0.5635920711358465
32,0.5363429332270326,0.5933101477347038,XGBoost Multisalida,0.5648265404808682
33,0.5459134875857772,0.5771369741254775,XGBoost Multisalida,0.5615252308556273
34,0.5242792271246627,0.5983479856328957,XGBoost Multisalida,0.5613136063787791
35,0.5213249840394154,0.5960600879770594,XGBoost Multisalida,0.5586925360082374
36,0.5267508420657889,0.5901955289423066,XGBoost Multisalida,0.5584731855040478
37,0.545470715823211,0.5901867948117075,XGBoost Multisalida,0.5678287553174592
38,0.5546397583180729,0.600838099049392,XGBoost Multisalida,0.5777389286837324
39,0.5490196499088189,0.5931692911387537,XGBoost Multisalida,0.5710944705237864
40,0.5442117310489712,0.5750623097455057,XGBoost Multisalida,0.5596370203972385
41,0.5414493685378424,0.5935730949640887,XGBoost Multisalida,0.5675112317509656
42,0.5420078850695926,0.5790987387930041,XGBoost Multisalida,0.5605533119312984
43,0.5437011485208048,0.5880865830907991,XGBoost Multisalida,0.5658938658058019
44,0.5267420938535563,0.5898254643584797,XGBoost Multisalida,0.558283779106018
45,0.5294400730909375,0.5972635992686289,XGBoost Multisalida,0.5633518361797832
46,0.5349974940839642,0.5775610206215303,XGBoost Multisalida,0.5562792573527473
47,0.5471515395549772,0.5783182811200134,XGBoost Multisalida,0.5627349103374952
48,0.5305443067160637,0.6027694302185729,XGBoost Multisalida,0.5666568684673183
49,0.5398278105269894,0.5803791825515932,XGBoost Multisalida,0.5601034965392913
50,0.5373466884583893,0.5769839849007752,XGBoost Multisalida,0.5571653366795822
51,0.5518940204451338,0.587204409579779,XGBoost Multisalida,0.5695492150124564
52,0.5195933422943334,0.5849194236697168,XGBoost Multisalida,0.5522563829820251
53,0.5326128304271305,0.6003833000714777,XGBoost Multisalida,0.5664980652493041
54,0.5164579487777965,0.6019186562394359,XGBoost Multisalida,0.5591883025086162
55,0.503233943270888,0.5904644840018424,XGBoost Multisalida,0.5468492136363652
56,0.519617537834169,0.5865571829416276,XGBoost Multisalida,0.5530873603878983
57,0.5266708993521854,0.5597348879197032,XGBoost Multisalida,0.5432028936359443
58,0.5381048354528932,0.5916206110506066,XGBoost Multisalida,0.5648627232517499
59,0.5428985704232845,0.5969374865186057,XGBoost Multisalida,0.5699180284709451
60,0.5196787771791653,0.5632857249009691,XGBoost Multisalida,0.5414822510400672
61,0.5387074581515638,0.5929568331875845,XGBoost Multisalida,0.5658321456695742
62,0.5163746979412263,0.57804072984401,XGBoost Multisalida,0.5472077138926181
63,0.5396093553285934,0.5832036157201796,XGBoost Multisalida,0.5614064855243865
64,0.5376422612071944,0.5894671365614041,XGBoost Multisalida,0.5635546988842992
65,0.5303346716087367,0.5996883317685491,XGBoost Multisalida,0.5650115016886429
66,0.5596676401985401,0.5752610325472516,XGBoost Multisalida,0.5674643363728958
67,0.5190398422633644,0.5753650836576593,XGBoost Multisalida,0.5472024629605119
68,0.54235616216938,0.5988332257911011,XGBoost Multisalida,0.5705946939802405
69,0.5293084418027241,0.5866709828612748,XGBoost Multisalida,0.5579897123319995
70,0.5549055095073917,0.5621365228641588,XGBoost Multisalida,0.5585210161857752
71,0.5239585720062643,0.5857506269556501,XGBoost Multisalida,0.5548545994809572
72,0.542085856648266,0.5702825113431438,XGBoost Multisalida,0.5561841839957049
73,0.5347329609396437,0.5804378486685275,XGBoost Multisalida,0.5575854048040856
74,0.5420839316276571,0.5813921607613979,XGBoost Multisalida,0.5617380461945275
75,0.5236098242470062,0.5782188212257803,XGBoost Multisalida,0.5509143227363933
76,0.5386388808409213,0.6028434662731096,XGBoost Multisalida,0.5707411735570154
77,0.5379077351218826,0.5624267686529395,XGBoost Multisalida,0.550167251887411
78,0.5404675224221448,0.5854031046390921,XGBoost Multisalida,0.5629353135306184
79,0.5273360375259428,0.6010273344620953,XGBoost Multisalida,0.5641816859940191
80,0.5281167089784944,0.5870844974245366,XGBoost Multisalida,0.5576006032015155
81,0.5209984108547787,0.5747138626153192,XGBoost Multisalida,0.547856136735049
82,0.5439623370157822,0.593600436133025,XGBoost Multisalida,0.5687813865744036
83,0.5526877493746551,0.5759708268395551,XGBoost Multisalida,0.5643292881071051
84,0.5361803096679378,0.5888599717475009,XGBoost Multisalida,0.5625201407077194
85,0.5402546651037683,0.6075409790904833,XGBoost Multisalida,0.5738978220971258
86,0.5237886652965615,0.5761033549172643,XGBoost Multisalida,0.5499460101069129
87,0.5168983600703377,0.5761812393613632,XGBoost Multisalida,0.5465397997158505
88,0.5419773194679645,0.5744982955955245,XGBoost Multisalida,0.5582378075317445
89,0.5344217007273311,0.5766211207672945,XGBoost Multisalida,0.5555214107473128
90,0.5327782291285319,0.5924231288971706,XGBoost Multisalida,0.5626006790128513
91,0.5222508245250684,0.6010742039926413,XGBoost Multisalida,0.5616625142588549
92,0.5480715749352258,0.5861573366682771,XGBoost Multisalida,0.5671144558017515
93,0.5284756558955989,0.5861106588297174,XGBoost Multisalida,0.557293157362658
94,0.519075642467735,0.5928133358550989,XGBoost Multisalida,0.5559444891614169
95,0.5312328025153428,0.5912110428600318,XGBoost Multisalida,0.5612219226876873
96,0.5444163255566787,0.5896596501881762,XGBoost Multisalida,0.5670379878724274
97,0.5287065627157996,0.6002823749795653,XGBoost Multisalida,0.5644944688476825
98,0.539442061011796,0.585617602373006,XGBoost Multisalida,0.562529831692401
99,0.5403429363145686,0.561749806218669,XGBoost Multisalida,0.5510463712666188
100,0.5315474949492036,0.578151461819746,XGBoost Multisalida,0.5548494783844748
0,0.4978523617105647,0.5489637291632707,RF Individual,0.5234080454369177
1,0.5126115486927213,0.5568169765571839,RF Individual,0.5347142626249526
2,0.4793039218014272,0.5456969707715168,RF Individual,0.512500446286472
3,0.4973734294443188,0.5395033803489726,RF Individual,0.5184384048966457
4,0.4994347512187967,0.5474729634713508,RF Individual,0.5234538573450738
5,0.5022252237442222,0.5469334522879619,RF Individual,0.524579338016092
6,0.4974838997908847,0.5540041678751011,RF Individual,0.5257440338329928
7,0.5009424214595853,0.5569676867616817,RF Individual,0.5289550541106336
8,0.5081028416062181,0.5552472613256045,RF Individual,0.5316750514659113
9,0.4989582790326035,0.545219406564563,RF Individual,0.5220888427985833
10,0.4928127073317797,0.5484236592550599,RF Individual,0.5206181832934198
11,0.4957546875594867,0.5220957984882535,RF Individual,0.5089252430238701
12,0.5273555833297494,0.5448956411524523,RF Individual,0.5361256122411009
13,0.4922771508076317,0.5489507517215746,RF Individual,0.5206139512646031
14,0.5084617233000397,0.5448631891849225,RF Individual,0.5266624562424811
15,0.5205213205277321,0.5466463734125275,RF Individual,0.5335838469701298
16,0.5167298830653427,0.5303514084220236,RF Individual,0.5235406457436831
17,0.5082237129833396,0.5648243335923022,RF Individual,0.5365240232878209
18,0.5053474767692064,0.5570147210044195,RF Individual,0.531181098886813
19,0.5046809206747687,0.5502663214609687,RF Individual,0.5274736210678687
20,0.5086343440608163,0.5341187885701071,RF Individual,0.5213765663154617
21,0.4985324857781102,0.5474835896261857,RF Individual,0.523008037702148
22,0.4987455154086329,0.5597151347942221,RF Individual,0.5292303251014274
23,0.501145966029564,0.5600966224911781,RF Individual,0.530621294260371
24,0.5036824893786571,0.5314939272738591,RF Individual,0.5175882083262582
25,0.5185117317813693,0.5475227745619817,RF Individual,0.5330172531716755
26,0.4813030584351357,0.5418092043027795,RF Individual,0.5115561313689576
27,0.5095018672623244,0.5459995453833353,RF Individual,0.5277507063228298
28,0.5034198128715965,0.5529838679824242,RF Individual,0.5282018404270103
29,0.4997666438695503,0.5476843649481915,RF Individual,0.5237255044088709
30,0.4989194725075941,0.5308594749925978,RF Individual,0.514889473750096
31,0.5115472828923533,0.5259380619211809,RF Individual,0.5187426724067671
32,0.4837915575803428,0.5335567480507529,RF Individual,0.5086741528155478
33,0.4989398633533473,0.5295743996573061,RF Individual,0.5142571315053267
34,0.5244745954402421,0.5622601534940876,RF Individual,0.5433673744671649
35,0.5129166814135182,0.550589233895727,RF Individual,0.5317529576546226
36,0.500012265317246,0.5445458151787943,RF Individual,0.5222790402480202
37,0.4972310690618644,0.5400515204657819,RF Individual,0.5186412947638231
38,0.5149465068354637,0.5589411579833645,RF Individual,0.5369438324094141
39,0.5119565403465853,0.554410127849887,RF Individual,0.5331833340982362
40,0.5033417034426798,0.5412996156334966,RF Individual,0.5223206595380883
41,0.5064494106775126,0.5577940859656512,RF Individual,0.5321217483215819
42,0.5149889565286181,0.5623659629091636,RF Individual,0.5386774597188908
43,0.5055639856224248,0.5559761076706256,RF Individual,0.5307700466465252
44,0.4845463937539722,0.5301056282638263,RF Individual,0.5073260110088993
45,0.4944421046040677,0.5312885543175083,RF Individual,0.512865329460788
46,0.5217675011353402,0.5570144227404962,RF Individual,0.5393909619379182
47,0.4966797556304535,0.5501460685492109,RF Individual,0.5234129120898322
48,0.4981641556462216,0.537644578103134,RF Individual,0.5179043668746778
49,0.4975592857024498,0.5566617552454243,RF Individual,0.527110520473937
50,0.5208388644151764,0.5492344378894984,RF Individual,0.5350366511523375
51,0.5087409329975822,0.541597174244379,RF Individual,0.5251690536209805
52,0.5048912898797291,0.5475338009761199,RF Individual,0.5262125454279245
53,0.5025407000965457,0.5520392863909005,RF Individual,0.5272899932437232
54,0.4928716665335656,0.5480635136556579,RF Individual,0.5204675900946117
55,0.4844020375832905,0.5424986371545149,RF Individual,0.5134503373689027
56,0.5046338398479788,0.5288413197199284,RF Individual,0.5167375797839536
57,0.5054054316760668,0.5363990820935901,RF Individual,0.5209022568848285
58,0.4952378318305241,0.5544586368934863,RF Individual,0.5248482343620052
59,0.5045846060764929,0.5437942742234979,RF Individual,0.5241894401499954
60,0.4980460186144285,0.556481325600301,RF Individual,0.5272636721073647
61,0.4988363488622335,0.5299273050681548,RF Individual,0.5143818269651941
62,0.5195035340160334,0.5671702513772678,RF Individual,0.5433368926966506
63,0.5151297731620258,0.5448905806293991,RF Individual,0.5300101768957124
64,0.4945984214751415,0.5308085312315394,RF Individual,0.5127034763533405
65,0.5041492143268325,0.5415985526289451,RF Individual,0.5228738834778888
66,0.5195387481805779,0.5570592218214376,RF Individual,0.5382989850010078
67,0.4911683470092894,0.5531562968768883,RF Individual,0.5221623219430889
68,0.4949364384327206,0.5261559158571849,RF Individual,0.5105461771449528
69,0.5075255911523608,0.5527761539120651,RF Individual,0.530150872532213
70,0.513211377019601,0.549376350960586,RF Individual,0.5312938639900935
71,0.5064695111181057,0.5500886120182851,RF Individual,0.5282790615681954
72,0.5103695669221595,0.5545769609086766,RF Individual,0.532473263915418
73,0.5004429825747859,0.5384511481241329,RF Individual,0.5194470653494594
74,0.5093718182905426,0.5486905247477558,RF Individual,0.5290311715191491
75,0.4911681979707537,0.5264606894423169,RF Individual,0.5088144437065353
76,0.5132822403482691,0.5434287656311143,RF Individual,0.5283555029896917
77,0.4932677854077015,0.5540114135270966,RF Individual,0.523639599467399
78,0.50503432962898,0.5374220710711378,RF Individual,0.5212282003500589
79,0.4926093401964228,0.5508046109981841,RF Individual,0.5217069755973034
80,0.5090410976287556,0.5558206687608886,RF Individual,0.5324308831948221
81,0.494479255654909,0.5318681743047435,RF Individual,0.5131737149798263
82,0.516220861984893,0.5555693224011344,RF Individual,0.5358950921930137
83,0.5096303347866408,0.5598795991456904,RF Individual,0.5347549669661655
84,0.5093377211995682,0.5474540429065722,RF Individual,0.5283958820530702
85,0.4912347153835527,0.5406790281436031,RF Individual,0.5159568717635779
86,0.5090922141298061,0.5329685910597566,RF Individual,0.5210304025947814
87,0.4869369198235732,0.5417398420156283,RF Individual,0.5143383809196007
88,0.5028165932285136,0.5464745412836527,RF Individual,0.5246455672560831
89,0.5050645401965081,0.5670842002698269,RF Individual,0.5360743702331675
90,0.5093958115959221,0.5738161271114663,RF Individual,0.5416059693536942
91,0.499352517333707,0.5551747752055587,RF Individual,0.5272636462696328
92,0.5157067554810437,0.5525609863967679,RF Individual,0.5341338709389059
93,0.4946025929050816,0.5564332825858996,RF Individual,0.5255179377454906
94,0.5205130548633725,0.5406944310373275,RF Individual,0.5306037429503501
95,0.4980783983552198,0.5421532664354058,RF Individual,0.5201158323953128
96,0.4992915192778826,0.5554490952491387,RF Individual,0.5273703072635106
97,0.4907316240908893,0.5353945911904319,RF Individual,0.5130631076406605
98,0.5198124925638395,0.552814348462373,RF Individual,0.5363134205131063
99,0.4951630107145394,0.5380894365609419,RF Individual,0.5166262236377406
100,0.4976700532860313,0.5417401899400729,RF Individual,0.5197051216130522
0,0.4042079028851542,0.4438757693327377,RandomForest Multisalida,0.42404183610894597
1,0.4147152225781622,0.4525485025355098,RandomForest Multisalida,0.433631862556836
2,0.4173470171705518,0.4529309762356407,RandomForest Multisalida,0.43513899670309625
3,0.4180462597439477,0.4501050028240837,RandomForest Multisalida,0.4340756312840157
4,0.4227881498029958,0.4548604864915754,RandomForest Multisalida,0.4388243181472856
5,0.4065126849254686,0.4498503406100255,RandomForest Multisalida,0.4281815127677471
6,0.4042326744526766,0.4423582132633771,RandomForest Multisalida,0.42329544385802687
7,0.4079264965119302,0.4482265681743964,RandomForest Multisalida,0.4280765323431633
8,0.4088946684881416,0.4406073632072456,RandomForest Multisalida,0.4247510158476936
9,0.4223813767170447,0.4569914071864064,RandomForest Multisalida,0.43968639195172554
10,0.406434001251327,0.4508414646081642,RandomForest Multisalida,0.4286377329297456
11,0.4016800423780351,0.4423580389869823,RandomForest Multisalida,0.42201904068250873
12,0.4080972076683186,0.4379138418883227,RandomForest Multisalida,0.42300552477832065
13,0.4083679176384895,0.4495756091266993,RandomForest Multisalida,0.4289717633825944
14,0.4118320149404912,0.4503468568890258,RandomForest Multisalida,0.4310894359147585
15,0.4257548850617669,0.4541461655148214,RandomForest Multisalida,0.43995052528829415
16,0.4209198563804843,0.4577955424502169,RandomForest Multisalida,0.43935769941535063
17,0.4088588478505938,0.4425217733076357,RandomForest Multisalida,0.4256903105791148
18,0.4018820159154785,0.4421061098678872,RandomForest Multisalida,0.42199406289168284
19,0.4227776554149893,0.4542487242609128,RandomForest Multisalida,0.43851318983795107
20,0.4143238076682828,0.4481046557834948,RandomForest Multisalida,0.4312142317258888
21,0.4176212569391383,0.4558951127156171,RandomForest Multisalida,0.4367581848273777
22,0.4231193746946626,0.4530658535951409,RandomForest Multisalida,0.43809261414490175
23,0.4177472254494523,0.450760418923683,RandomForest Multisalida,0.43425382218656766
24,0.3966327525028444,0.4328455459105352,RandomForest Multisalida,0.4147391492066898
25,0.4082520307623803,0.436801662388636,RandomForest Multisalida,0.42252684657550815
26,0.4104245314312496,0.4460178629239293,RandomForest Multisalida,0.42822119717758944
27,0.4183895831971942,0.447213150854702,RandomForest Multisalida,0.43280136702594807
28,0.432750184304392,0.4620780570816313,RandomForest Multisalida,0.4474141206930117
29,0.4009694661475117,0.431823889084554,RandomForest Multisalida,0.41639667761603283
30,0.4287309179944806,0.4598468781449947,RandomForest Multisalida,0.44428889806973765
31,0.4066329819759212,0.4374494862130378,RandomForest Multisalida,0.42204123409447947
32,0.41099497043894,0.442649413223392,RandomForest Multisalida,0.426822191831166
33,0.4121774855022848,0.4515876170085329,RandomForest Multisalida,0.43188255125540886
34,0.4349869459780631,0.4679825871794606,RandomForest Multisalida,0.45148476657876185
35,0.4140058243068085,0.4463994322219685,RandomForest Multisalida,0.4302026282643885
36,0.42076616586,0.4541497220343873,RandomForest Multisalida,0.4374579439471936
37,0.42227202196648,0.4584772388894288,RandomForest Multisalida,0.44037463042795444
38,0.4243706073785647,0.4561794268437604,RandomForest Multisalida,0.44027501711116257
39,0.4014308680524329,0.4369928623968534,RandomForest Multisalida,0.41921186522464315
40,0.4171863157540747,0.4528933440790765,RandomForest Multisalida,0.43503982991657564
41,0.4233699966993969,0.4566367086793119,RandomForest Multisalida,0.4400033526893544
42,0.4087280405768346,0.4424395210066654,RandomForest Multisalida,0.42558378079174997
43,0.4163766663796595,0.4499826116418766,RandomForest Multisalida,0.43317963901076806
44,0.4093129243365404,0.4480015145203913,RandomForest Multisalida,0.4286572194284658
45,0.4232239939921092,0.4599295603960761,RandomForest Multisalida,0.4415767771940926
46,0.418067264503478,0.4488447331866222,RandomForest Multisalida,0.4334559988450501
47,0.4174766450023351,0.4524010257827816,RandomForest Multisalida,0.43493883539255834
48,0.4140228431543752,0.4494477434750771,RandomForest Multisalida,0.43173529331472615
49,0.4194414708161547,0.4534216487924047,RandomForest Multisalida,0.4364315598042797
50,0.4135009301202407,0.4472182118738252,RandomForest Multisalida,0.4303595709970329
51,0.4252588132861185,0.4628971613297712,RandomForest Multisalida,0.44407798730794484
52,0.4185184676984981,0.454233501837292,RandomForest Multisalida,0.4363759847678951
53,0.4082351493437794,0.4506916114521656,RandomForest Multisalida,0.4294633803979725
54,0.4097242963699884,0.4474462243517271,RandomForest Multisalida,0.42858526036085776
55,0.4271444099353594,0.4483087599409695,RandomForest Multisalida,0.43772658493816446
56,0.3934661428986763,0.4294804688386595,RandomForest Multisalida,0.4114733058686679
57,0.4061330274549302,0.4429185550234583,RandomForest Multisalida,0.4245257912391942
58,0.4185762643525603,0.4630521248943611,RandomForest Multisalida,0.4408141946234607
59,0.4210719629759663,0.4561326602404859,RandomForest Multisalida,0.43860231160822605
60,0.4227639525728605,0.4589202373252304,RandomForest Multisalida,0.44084209494904547
61,0.4132589804930981,0.4430452345993722,RandomForest Multisalida,0.4281521075462351
62,0.4174491922360124,0.4491885475457087,RandomForest Multisalida,0.43331886989086055
63,0.402064424146667,0.4401039459988861,RandomForest Multisalida,0.42108418507277656
64,0.4102873484489739,0.4401282182095507,RandomForest Multisalida,0.42520778332926235
65,0.4189679449560991,0.4518362080447331,RandomForest Multisalida,0.4354020765004161
66,0.4305327181683448,0.4733212924229094,RandomForest Multisalida,0.4519270052956271
67,0.4170894225340985,0.451579364466492,RandomForest Multisalida,0.43433439350029523
68,0.4224375594769505,0.4502899882215813,RandomForest Multisalida,0.4363637738492659
69,0.4239323594364956,0.4471230396413406,RandomForest Multisalida,0.4355276995389181
70,0.4226820326559665,0.4629766762456749,RandomForest Multisalida,0.4428293544508207
71,0.4192056159202686,0.447587485626661,RandomForest Multisalida,0.43339655077346484
72,0.410517901940325,0.4471645542821928,RandomForest Multisalida,0.4288412281112589
73,0.4070888273838017,0.4380313134570519,RandomForest Multisalida,0.42256007042042676
74,0.4124980128745179,0.4547858642494031,RandomForest Multisalida,0.43364193856196054
75,0.4047881653519855,0.4410041788069097,RandomForest Multisalida,0.4228961720794476
76,0.4196431269498299,0.4574029203262159,RandomForest Multisalida,0.43852302363802287
77,0.4210277990917138,0.4496071529681207,RandomForest Multisalida,0.4353174760299172
78,0.3953092517000169,0.443405206744243,RandomForest Multisalida,0.4193572292221299
79,0.3991603812329322,0.436097312198053,RandomForest Multisalida,0.4176288467154926
80,0.4191672776869601,0.4484096205707064,RandomForest Multisalida,0.43378844912883324
81,0.4105994127327763,0.4511113398043563,RandomForest Multisalida,0.4308553762685663
82,0.411390695715362,0.4460149904103928,RandomForest Multisalida,0.4287028430628774
83,0.4226749542320864,0.456217124782782,RandomForest Multisalida,0.4394460395074342
84,0.4115898181902954,0.4500538166476904,RandomForest Multisalida,0.4308218174189929
85,0.3971614114800711,0.4365441390243492,RandomForest Multisalida,0.41685277525221015
86,0.4295818122603138,0.4645277262765684,RandomForest Multisalida,0.4470547692684411
87,0.4151175370339748,0.4524650749917288,RandomForest Multisalida,0.43379130601285176
88,0.4148105629995122,0.4476956382342336,RandomForest Multisalida,0.4312531006168729
89,0.4216069750312259,0.4580185110937008,RandomForest Multisalida,0.4398127430624633
90,0.4100683084906488,0.4506046107765051,RandomForest Multisalida,0.4303364596335769
91,0.3801635235518139,0.4177794939536009,RandomForest Multisalida,0.39897150875270737
92,0.4126082096594653,0.453943348340022,RandomForest Multisalida,0.4332757789997437
93,0.4079804812018093,0.4457753008658517,RandomForest Multisalida,0.4268778910338305
94,0.4053793713767538,0.4347366074450032,RandomForest Multisalida,0.42005798941087846
95,0.4165518666520913,0.4568662398242302,RandomForest Multisalida,0.4367090532381608
96,0.4123501903323467,0.4572758166632059,RandomForest Multisalida,0.4348130034977763
97,0.413947973266668,0.448947650681651,RandomForest Multisalida,0.4314478119741595
98,0.4235961179549614,0.4662005129917657,RandomForest Multisalida,0.44489831547336356
99,0.4121070572529549,0.4419912739859847,RandomForest Multisalida,0.4270491656194698
100,0.4057516615143444,0.4459538163244616,RandomForest Multisalida,0.425852738919403
0,0.4959731320094859,0.5453285359867652,Random Forest con RegressorChain,0.5206508339981255
1,0.5278860367243481,0.5476789960509019,Random Forest con RegressorChain,0.537782516387625
2,0.4653950452248142,0.5575923684277664,Random Forest con RegressorChain,0.5114937068262903
3,0.5133424710851476,0.5509743772324607,Random Forest con RegressorChain,0.5321584241588042
4,0.4499454379867906,0.5624735168525363,Random Forest con RegressorChain,0.5062094774196635
5,0.5112015995733468,0.5542746070533697,Random Forest con RegressorChain,0.5327381033133582
6,0.534266240916356,0.5670114116672096,Random Forest con RegressorChain,0.5506388262917827
7,0.5127751984107266,0.5398189417485746,Random Forest con RegressorChain,0.5262970700796505
8,0.4994913676938646,0.5678766459857216,Random Forest con RegressorChain,0.5336840068397931
9,0.5156518207205683,0.5587270442714525,Random Forest con RegressorChain,0.5371894324960104
10,0.5235848722735286,0.5737043025291535,Random Forest con RegressorChain,0.548644587401341
11,0.5151531865499611,0.5481984401919352,Random Forest con RegressorChain,0.5316758133709482
12,0.4803817639984143,0.5541751314205214,Random Forest con RegressorChain,0.5172784477094678
13,0.5007377727277902,0.5714929278829399,Random Forest con RegressorChain,0.5361153503053651
14,0.5057835814179346,0.5650009696524005,Random Forest con RegressorChain,0.5353922755351675
15,0.5202894796909581,0.5514410423848959,Random Forest con RegressorChain,0.535865261037927
16,0.523655629186297,0.5528459712602495,Random Forest con RegressorChain,0.5382508002232733
17,0.5099859258299724,0.5527185296664285,Random Forest con RegressorChain,0.5313522277482005
18,0.4906560979053728,0.5614083323939436,Random Forest con RegressorChain,0.5260322151496581
19,0.462732892741988,0.5735953874205415,Random Forest con RegressorChain,0.5181641400812648
20,0.5085505457992292,0.5784909002970088,Random Forest con RegressorChain,0.5435207230481189
21,0.5152403315854558,0.5618159919203316,Random Forest con RegressorChain,0.5385281617528936
22,0.5230022182154161,0.56752739097462,Random Forest con RegressorChain,0.5452648045950181
23,0.5088914281955987,0.5506065590286633,Random Forest con RegressorChain,0.529748993612131
24,0.4694439718653931,0.5734698365662722,Random Forest con RegressorChain,0.5214569042158326
25,0.4990304601889832,0.5413844243564757,Random Forest con RegressorChain,0.5202074422727294
26,0.4531887031545905,0.5699588055808458,Random Forest con RegressorChain,0.5115737543677181
27,0.4956188262607631,0.5717889879002775,Random Forest con RegressorChain,0.5337039070805203
28,0.523614337418862,0.5536090037815713,Random Forest con RegressorChain,0.5386116706002166
29,0.5210974978104637,0.5526009981308957,Random Forest con RegressorChain,0.5368492479706797
30,0.494553586521969,0.5482080026660596,Random Forest con RegressorChain,0.5213807945940143
31,0.4971347944203992,0.559306762888172,Random Forest con RegressorChain,0.5282207786542856
32,0.4860526504595323,0.5386111504862654,Random Forest con RegressorChain,0.5123319004728988
33,0.46331026335573,0.5685614020468575,Random Forest con RegressorChain,0.5159358327012937
34,0.5179331228160708,0.5779493182129666,Random Forest con RegressorChain,0.5479412205145187
35,0.5220380599193601,0.5658372632906448,Random Forest con RegressorChain,0.5439376616050025
36,0.4645106713669255,0.5623500695582138,Random Forest con RegressorChain,0.5134303704625696
37,0.505140502835844,0.5631257229160682,Random Forest con RegressorChain,0.5341331128759561
38,0.4661478691341139,0.5554119421582706,Random Forest con RegressorChain,0.5107799056461922
39,0.521680426927315,0.5732836582461653,Random Forest con RegressorChain,0.5474820425867402
40,0.5015515420868635,0.557071600129158,Random Forest con RegressorChain,0.5293115711080107
41,0.5191575914245037,0.5698295369259327,Random Forest con RegressorChain,0.5444935641752182
42,0.5030024103742728,0.5406930147798839,Random Forest con RegressorChain,0.5218477125770784
43,0.498780915897139,0.5641881381914589,Random Forest con RegressorChain,0.5314845270442989
44,0.5160493331670268,0.5589413821744458,Random Forest con RegressorChain,0.5374953576707363
45,0.5176250607465874,0.5412208188879798,Random Forest con RegressorChain,0.5294229398172836
46,0.4428879934656383,0.5623335896625661,Random Forest con RegressorChain,0.5026107915641022
47,0.4375817325893625,0.5609599002018872,Random Forest con RegressorChain,0.4992708163956249
48,0.4755840647437368,0.5381720501258674,Random Forest con RegressorChain,0.5068780574348022
49,0.5010264720494142,0.5642350939295435,Random Forest con RegressorChain,0.5326307829894789
50,0.5214292977619446,0.5570732643376957,Random Forest con RegressorChain,0.5392512810498201
51,0.4582274950777113,0.5654106905826592,Random Forest con RegressorChain,0.5118190928301853
52,0.5122454441087729,0.5633966917641902,Random Forest con RegressorChain,0.5378210679364815
53,0.5207806590722281,0.5522130010327166,Random Forest con RegressorChain,0.5364968300524724
54,0.5591701210291162,0.5793210118174817,Random Forest con RegressorChain,0.5692455664232989
55,0.5204176946159417,0.5545424874968354,Random Forest con RegressorChain,0.5374800910563886
56,0.4901764160313652,0.5743122192230026,Random Forest con RegressorChain,0.5322443176271838
57,0.4577417715257538,0.5612369174564265,Random Forest con RegressorChain,0.5094893444910902
58,0.5048068155815508,0.5666483823291448,Random Forest con RegressorChain,0.5357275989553478
59,0.5039597928084724,0.5447711338397773,Random Forest con RegressorChain,0.5243654633241248
60,0.497593505690758,0.5761101384162756,Random Forest con RegressorChain,0.5368518220535168
61,0.4680427421618739,0.5603310481829883,Random Forest con RegressorChain,0.5141868951724311
62,0.5164191720051234,0.5724554769489949,Random Forest con RegressorChain,0.5444373244770592
63,0.5268037754498718,0.5515939659702361,Random Forest con RegressorChain,0.5391988707100539
64,0.5201487785076075,0.5524633053663777,Random Forest con RegressorChain,0.5363060419369926
65,0.5169742460323392,0.53978171788067,Random Forest con RegressorChain,0.5283779819565046
66,0.5206374499230952,0.5734932972819606,Random Forest con RegressorChain,0.5470653736025279
67,0.4680536084675474,0.5684641281438336,Random Forest con RegressorChain,0.5182588683056906
68,0.5041273769722387,0.5553090630536544,Random Forest con RegressorChain,0.5297182200129466
69,0.5280203498747927,0.5651333347836492,Random Forest con RegressorChain,0.546576842329221
70,0.5298256999711028,0.5713301417993464,Random Forest con RegressorChain,0.5505779208852246
71,0.4882728898403436,0.5438428693701471,Random Forest con RegressorChain,0.5160578796052454
72,0.5155272881385908,0.5587718411752158,Random Forest con RegressorChain,0.5371495646569033
73,0.5071326438091837,0.5499835270981335,Random Forest con RegressorChain,0.5285580854536586
74,0.5057591420510189,0.5483052583169625,Random Forest con RegressorChain,0.5270322001839907
75,0.4940830334164701,0.5666811424168023,Random Forest con RegressorChain,0.5303820879166362
76,0.4430973460674944,0.569028203981151,Random Forest con RegressorChain,0.5060627750243227
77,0.5126939858629905,0.5594253485615439,Random Forest con RegressorChain,0.5360596672122673
78,0.5193503138694023,0.5599391697028799,Random Forest con RegressorChain,0.5396447417861412
79,0.5145659582538564,0.561845070987947,Random Forest con RegressorChain,0.5382055146209017
80,0.4508362161906402,0.5710689725555114,Random Forest con RegressorChain,0.5109525943730757
81,0.5147544793519543,0.5400656185107436,Random Forest con RegressorChain,0.5274100489313489
82,0.4443349359776064,0.5582284453049828,Random Forest con RegressorChain,0.5012816906412947
83,0.5128035374137221,0.5585192275019178,Random Forest con RegressorChain,0.53566138245782
84,0.487374203045486,0.5598161982202076,Random Forest con RegressorChain,0.5235952006328468
85,0.4944257280370426,0.5407240587161377,Random Forest con RegressorChain,0.5175748933765901
86,0.5115721943454927,0.5616834928990668,Random Forest con RegressorChain,0.5366278436222798
87,0.5109421410905123,0.5436365608706015,Random Forest con RegressorChain,0.527289350980557
88,0.5181641126264139,0.5834332111159528,Random Forest con RegressorChain,0.5507986618711833
89,0.469911177441732,0.5612140226265662,Random Forest con RegressorChain,0.5155626000341491
90,0.4947286018249834,0.5616078603874408,Random Forest con RegressorChain,0.5281682311062121
91,0.4680107634704001,0.5572639940766225,Random Forest con RegressorChain,0.5126373787735113
92,0.4987349444544875,0.5528101851089989,Random Forest con RegressorChain,0.5257725647817433
93,0.5026132810577835,0.5652221444159486,Random Forest con RegressorChain,0.5339177127368661
94,0.4714956631381207,0.5673846557181017,Random Forest con RegressorChain,0.5194401594281112
95,0.5024016641136858,0.5920063263199431,Random Forest con RegressorChain,0.5472039952168144
96,0.5027479457734967,0.5673551834906722,Random Forest con RegressorChain,0.5350515646320844
97,0.5102950823311974,0.5696764698679171,Random Forest con RegressorChain,0.5399857760995572
98,0.4580911965764862,0.5665020282961737,Random Forest con RegressorChain,0.51229661243633
99,0.4744716023741925,0.5620239405799411,Random Forest con RegressorChain,0.5182477714770668
100,0.4856050026826248,0.5747714978673024,Random Forest con RegressorChain,0.5301882502749636
0,0.2395443154158835,0.2789313433634833,Regresión Individual,0.2592378293896834
1,0.2395443154158835,0.2789313433634833,Regresión Individual,0.2592378293896834
2,0.2395443154158835,0.2789313433634833,Regresión Individual,0.2592378293896834
3,0.2395443154158835,0.2789313433634833,Regresión Individual,0.2592378293896834
4,0.2395443154158835,0.2789313433634833,Regresión Individual,0.2592378293896834
5,0.2395443154158835,0.2789313433634833,Regresión Individual,0.2592378293896834
6,0.2395443154158835,0.2789313433634833,Regresión Individual,0.2592378293896834
7,0.2395443154158835,0.2789313433634833,Regresión Individual,0.2592378293896834
8,0.2395443154158835,0.2789313433634833,Regresión Individual,0.2592378293896834
9,0.2395443154158835,0.2789313433634833,Regresión Individual,0.2592378293896834
10,0.2395443154158835,0.2789313433634833,Regresión Individual,0.2592378293896834
11,0.2395443154158835,0.2789313433634833,Regresión Individual,0.2592378293896834
12,0.2395443154158835,0.2789313433634833,Regresión Individual,0.2592378293896834
13,0.2395443154158835,0.2789313433634833,Regresión Individual,0.2592378293896834
14,0.2395443154158835,0.2789313433634833,Regresión Individual,0.2592378293896834
15,0.2395443154158835,0.2789313433634833,Regresión Individual,0.2592378293896834
16,0.2395443154158835,0.2789313433634833,Regresión Individual,0.2592378293896834
17,0.2395443154158835,0.2789313433634833,Regresión Individual,0.2592378293896834
18,0.2395443154158835,0.2789313433634833,Regresión Individual,0.2592378293896834
19,0.2395443154158835,0.2789313433634833,Regresión Individual,0.2592378293896834
20,0.2395443154158835,0.2789313433634833,Regresión Individual,0.2592378293896834
21,0.2395443154158835,0.2789313433634833,Regresión Individual,0.2592378293896834
22,0.2395443154158835,0.2789313433634833,Regresión Individual,0.2592378293896834
23,0.2395443154158835,0.2789313433634833,Regresión Individual,0.2592378293896834
24,0.2395443154158835,0.2789313433634833,Regresión Individual,0.2592378293896834
25,0.2395443154158835,0.2789313433634833,Regresión Individual,0.2592378293896834
26,0.2395443154158835,0.2789313433634833,Regresión Individual,0.2592378293896834
27,0.2395443154158835,0.2789313433634833,Regresión Individual,0.2592378293896834
28,0.2395443154158835,0.2789313433634833,Regresión Individual,0.2592378293896834
29,0.2395443154158835,0.2789313433634833,Regresión Individual,0.2592378293896834
30,0.2395443154158835,0.2789313433634833,Regresión Individual,0.2592378293896834
31,0.2395443154158835,0.2789313433634833,Regresión Individual,0.2592378293896834
32,0.2395443154158835,0.2789313433634833,Regresión Individual,0.2592378293896834
33,0.2395443154158835,0.2789313433634833,Regresión Individual,0.2592378293896834
34,0.2395443154158835,0.2789313433634833,Regresión Individual,0.2592378293896834
35,0.2395443154158835,0.2789313433634833,Regresión Individual,0.2592378293896834
36,0.2395443154158835,0.2789313433634833,Regresión Individual,0.2592378293896834
37,0.2395443154158835,0.2789313433634833,Regresión Individual,0.2592378293896834
38,0.2395443154158835,0.2789313433634833,Regresión Individual,0.2592378293896834
39,0.2395443154158835,0.2789313433634833,Regresión Individual,0.2592378293896834
40,0.2395443154158835,0.2789313433634833,Regresión Individual,0.2592378293896834
41,0.2395443154158835,0.2789313433634833,Regresión Individual,0.2592378293896834
42,0.2395443154158835,0.2789313433634833,Regresión Individual,0.2592378293896834
43,0.2395443154158835,0.2789313433634833,Regresión Individual,0.2592378293896834
44,0.2395443154158835,0.2789313433634833,Regresión Individual,0.2592378293896834
45,0.2395443154158835,0.2789313433634833,Regresión Individual,0.2592378293896834
46,0.2395443154158835,0.2789313433634833,Regresión Individual,0.2592378293896834
47,0.2395443154158835,0.2789313433634833,Regresión Individual,0.2592378293896834
48,0.2395443154158835,0.2789313433634833,Regresión Individual,0.2592378293896834
49,0.2395443154158835,0.2789313433634833,Regresión Individual,0.2592378293896834
50,0.2395443154158835,0.2789313433634833,Regresión Individual,0.2592378293896834
51,0.2395443154158835,0.2789313433634833,Regresión Individual,0.2592378293896834
52,0.2395443154158835,0.2789313433634833,Regresión Individual,0.2592378293896834
53,0.2395443154158835,0.2789313433634833,Regresión Individual,0.2592378293896834
54,0.2395443154158835,0.2789313433634833,Regresión Individual,0.2592378293896834
55,0.2395443154158835,0.2789313433634833,Regresión Individual,0.2592378293896834
56,0.2395443154158835,0.2789313433634833,Regresión Individual,0.2592378293896834
57,0.2395443154158835,0.2789313433634833,Regresión Individual,0.2592378293896834
58,0.2395443154158835,0.2789313433634833,Regresión Individual,0.2592378293896834
59,0.2395443154158835,0.2789313433634833,Regresión Individual,0.2592378293896834
60,0.2395443154158835,0.2789313433634833,Regresión Individual,0.2592378293896834
61,0.2395443154158835,0.2789313433634833,Regresión Individual,0.2592378293896834
62,0.2395443154158835,0.2789313433634833,Regresión Individual,0.2592378293896834
63,0.2395443154158835,0.2789313433634833,Regresión Individual,0.2592378293896834
64,0.2395443154158835,0.2789313433634833,Regresión Individual,0.2592378293896834
65,0.2395443154158835,0.2789313433634833,Regresión Individual,0.2592378293896834
66,0.2395443154158835,0.2789313433634833,Regresión Individual,0.2592378293896834
67,0.2395443154158835,0.2789313433634833,Regresión Individual,0.2592378293896834
68,0.2395443154158835,0.2789313433634833,Regresión Individual,0.2592378293896834
69,0.2395443154158835,0.2789313433634833,Regresión Individual,0.2592378293896834
70,0.2395443154158835,0.2789313433634833,Regresión Individual,0.2592378293896834
71,0.2395443154158835,0.2789313433634833,Regresión Individual,0.2592378293896834
72,0.2395443154158835,0.2789313433634833,Regresión Individual,0.2592378293896834
73,0.2395443154158835,0.2789313433634833,Regresión Individual,0.2592378293896834
74,0.2395443154158835,0.2789313433634833,Regresión Individual,0.2592378293896834
75,0.2395443154158835,0.2789313433634833,Regresión Individual,0.2592378293896834
76,0.2395443154158835,0.2789313433634833,Regresión Individual,0.2592378293896834
77,0.2395443154158835,0.2789313433634833,Regresión Individual,0.2592378293896834
78,0.2395443154158835,0.2789313433634833,Regresión Individual,0.2592378293896834
79,0.2395443154158835,0.2789313433634833,Regresión Individual,0.2592378293896834
80,0.2395443154158835,0.2789313433634833,Regresión Individual,0.2592378293896834
81,0.2395443154158835,0.2789313433634833,Regresión Individual,0.2592378293896834
82,0.2395443154158835,0.2789313433634833,Regresión Individual,0.2592378293896834
83,0.2395443154158835,0.2789313433634833,Regresión Individual,0.2592378293896834
84,0.2395443154158835,0.2789313433634833,Regresión Individual,0.2592378293896834
85,0.2395443154158835,0.2789313433634833,Regresión Individual,0.2592378293896834
86,0.2395443154158835,0.2789313433634833,Regresión Individual,0.2592378293896834
87,0.2395443154158835,0.2789313433634833,Regresión Individual,0.2592378293896834
88,0.2395443154158835,0.2789313433634833,Regresión Individual,0.2592378293896834
89,0.2395443154158835,0.2789313433634833,Regresión Individual,0.2592378293896834
90,0.2395443154158835,0.2789313433634833,Regresión Individual,0.2592378293896834
91,0.2395443154158835,0.2789313433634833,Regresión Individual,0.2592378293896834
92,0.2395443154158835,0.2789313433634833,Regresión Individual,0.2592378293896834
93,0.2395443154158835,0.2789313433634833,Regresión Individual,0.2592378293896834
94,0.2395443154158835,0.2789313433634833,Regresión Individual,0.2592378293896834
95,0.2395443154158835,0.2789313433634833,Regresión Individual,0.2592378293896834
96,0.2395443154158835,0.2789313433634833,Regresión Individual,0.2592378293896834
97,0.2395443154158835,0.2789313433634833,Regresión Individual,0.2592378293896834
98,0.2395443154158835,0.2789313433634833,Regresión Individual,0.2592378293896834
99,0.2395443154158835,0.2789313433634833,Regresión Individual,0.2592378293896834
100,0.2395443154158835,0.2789313433634833,Regresión Individual,0.2592378293896834
0,0.3312934045080604,0.4337100208518907,MLP Estandar,0.38250171267997557
1,0.3673895015965218,0.4707719198134269,MLP Estandar,0.4190807107049743
2,0.3602766190148168,0.4542131452656084,MLP Estandar,0.4072448821402126
3,0.392103176692875,0.4824629479421471,MLP Estandar,0.437283062317511
4,0.4258729743319674,0.5035666088869493,MLP Estandar,0.4647197916094583
5,0.2951869380124945,0.3883241037150425,MLP Estandar,0.3417555208637685
6,0.3255193614868212,0.4490742626179981,MLP Estandar,0.3872968120524096
7,0.4152094790225282,0.4626535482046,MLP Estandar,0.4389315136135641
8,0.3914138630945993,0.4955991574659408,MLP Estandar,0.44350651028027005
9,0.3844290970924866,0.4828394732766541,MLP Estandar,0.43363428518457037
10,0.4000464680505239,0.4837495160868023,MLP Estandar,0.4418979920686631
11,0.3217575231772404,0.4586806046979171,MLP Estandar,0.39021906393757877
12,0.3724224287209461,0.4658018957528506,MLP Estandar,0.41911216223689834
13,0.4129688332204007,0.5144001391106279,MLP Estandar,0.4636844861655143
14,0.4211083634417414,0.5057922737519482,MLP Estandar,0.4634503185968448
15,0.3773327320849837,0.4719473729005768,MLP Estandar,0.42464005249278025
16,0.3350485114856514,0.4352677069832519,MLP Estandar,0.38515810923445165
17,0.3707878381274789,0.4523734386538343,MLP Estandar,0.4115806383906566
18,0.5190070591545013,0.5706857375914989,MLP Estandar,0.5448463983730001
19,0.3166684661992213,0.4102794814443978,MLP Estandar,0.36347397382180957
20,0.4173022859916427,0.5177405954010877,MLP Estandar,0.46752144069636525
21,0.3486592112094878,0.464624183802762,MLP Estandar,0.4066416975061249
22,0.4267150549159906,0.5438516186795733,MLP Estandar,0.48528333679778196
23,0.3951247321392105,0.5077449129852656,MLP Estandar,0.45143482256223805
24,0.3735703778424747,0.4953744824376861,MLP Estandar,0.4344724301400804
25,0.4511619736177918,0.5422877618018231,MLP Estandar,0.4967248677098075
26,0.3315978857436081,0.4477258138313367,MLP Estandar,0.3896618497874724
27,0.4710327701419079,0.5516677857936343,MLP Estandar,0.5113502779677711
28,0.4255081024726164,0.4489137510151217,MLP Estandar,0.4372109267438691
29,0.3949927772896952,0.4976088629662315,MLP Estandar,0.44630082012796335
30,0.3893072643215829,0.4844462578057159,MLP Estandar,0.43687676106364937
31,0.3443016121321612,0.4399394947179531,MLP Estandar,0.39212055342505714
32,0.3625199962060021,0.4745583645321403,MLP Estandar,0.41853918036907123
33,0.3764751042050491,0.4576228689674424,MLP Estandar,0.4170489865862458
34,0.3553688676179332,0.4601489624946646,MLP Estandar,0.4077589150562989
35,0.3852896112490678,0.4558768241420663,MLP Estandar,0.42058321769556706
36,0.3450786729268262,0.4245672460348288,MLP Estandar,0.3848229594808275
37,0.382731881981381,0.4883388467469809,MLP Estandar,0.43553536436418094
38,0.4052630261317601,0.4886976436911575,MLP Estandar,0.4469803349114588
39,0.3920583419241997,0.4778381560363911,MLP Estandar,0.4349482489802954
40,0.3972667992364166,0.4785904454201057,MLP Estandar,0.43792862232826113
41,0.4338410056394124,0.5238991028603033,MLP Estandar,0.47887005424985785
42,0.3524494282833997,0.4528181111183728,MLP Estandar,0.40263376970088627
43,0.3614532313134422,0.4944794951655915,MLP Estandar,0.42796636323951687
44,0.3691888591551663,0.4752964341741681,MLP Estandar,0.4222426466646672
45,0.4424826231712501,0.5307347267536047,MLP Estandar,0.4866086749624274
46,0.4118399670466817,0.4914083657932537,MLP Estandar,0.4516241664199677
47,0.409257279344372,0.523890532482274,MLP Estandar,0.46657390591332304
48,0.3935050639997133,0.4772434068411376,MLP Estandar,0.4353742354204254
49,0.3747147800518807,0.472143973103621,MLP Estandar,0.4234293765777508
50,0.3925099474408235,0.5216545986837495,MLP Estandar,0.45708227306228655
51,0.4056360744308631,0.510555928192226,MLP Estandar,0.4580960013115445
52,0.4294753862417809,0.5039064436929988,MLP Estandar,0.4666909149673898
53,0.3939954459911297,0.448542823689872,MLP Estandar,0.4212691348405008
54,0.4106459889433513,0.5342109803023278,MLP Estandar,0.4724284846228396
55,0.3601895103131863,0.4549057262386514,MLP Estandar,0.40754761827591884
56,0.4598110949124926,0.5239816565762858,MLP Estandar,0.4918963757443892
57,0.4003595944064282,0.4949540671390632,MLP Estandar,0.4476568307727457
58,0.2983978599688439,0.4014505624264296,MLP Estandar,0.3499242111976367
59,0.3852041574678274,0.4477310977439128,MLP Estandar,0.4164676276058701
60,0.3174666650429658,0.4055149457248764,MLP Estandar,0.3614908053839211
61,0.3847622363304616,0.4810482262293177,MLP Estandar,0.43290523127988967
62,0.4180776283956523,0.4898548748305822,MLP Estandar,0.45396625161311727
63,0.4310483348527947,0.5148606073141311,MLP Estandar,0.4729544710834629
64,0.3786329144306731,0.4594108439434017,MLP Estandar,0.41902187918703737
65,0.4498193061456598,0.5588733594953322,MLP Estandar,0.504346332820496
66,0.256293599667407,0.3665130843358443,MLP Estandar,0.31140334200162567
67,0.4317114024619835,0.5390644835221367,MLP Estandar,0.48538794299206006
68,0.3900435318386905,0.5000061489559984,MLP Estandar,0.44502484039734447
69,0.4084936738530658,0.4802996436180087,MLP Estandar,0.44439665873553724
70,0.3318321566246326,0.4430692728933921,MLP Estandar,0.3874507147590124
71,0.3244932547785332,0.4268537790783611,MLP Estandar,0.37567351692844714
72,0.4434140694225388,0.5194092847791226,MLP Estandar,0.4814116771008307
73,0.4060876772109283,0.494441157454781,MLP Estandar,0.45026441733285466
74,0.4001700212609591,0.4857636634219235,MLP Estandar,0.4429668423414413
75,0.307816176733465,0.4007572892295947,MLP Estandar,0.35428673298152985
76,0.4056000464949333,0.4977821802401568,MLP Estandar,0.4516911133675451
77,0.3094261445709633,0.4379488854638754,MLP Estandar,0.37368751501741937
78,0.3959909440352861,0.5005828874261173,MLP Estandar,0.44828691573070173
79,0.4067314106987485,0.5224319887149163,MLP Estandar,0.4645816997068324
80,0.3361370152269127,0.3947874515789265,MLP Estandar,0.3654622334029196
81,0.4112321973836642,0.5052678913408897,MLP Estandar,0.4582500443622769
82,0.3838006693183755,0.4803775831708692,MLP Estandar,0.43208912624462237
83,0.4532030691709572,0.5540322385376257,MLP Estandar,0.5036176538542915
84,0.4153792594075334,0.515596893758746,MLP Estandar,0.4654880765831397
85,0.4299203458060218,0.4910801792251403,MLP Estandar,0.46050026251558107
86,0.3491978685480653,0.4359718019699842,MLP Estandar,0.39258483525902477
87,0.4028945781515073,0.4887033465915852,MLP Estandar,0.44579896237154626
88,0.3169842928701133,0.4394364844682192,MLP Estandar,0.37821038866916623
89,0.4038160534213075,0.5130965081048542,MLP Estandar,0.45845628076308087
90,0.3810593275970404,0.4501855481282903,MLP Estandar,0.4156224378626654
91,0.4316711681849474,0.4986136516537485,MLP Estandar,0.46514240991934797
92,0.4472346883697652,0.5470874975255954,MLP Estandar,0.4971610929476803
93,0.3638489354281312,0.4650500330897708,MLP Estandar,0.414449484258951
94,0.3981731151406332,0.4822330719853308,MLP Estandar,0.440203093562982
95,0.3622015319097735,0.4777301425954139,MLP Estandar,0.41996583725259373
96,0.4103105843859462,0.5107728431366376,MLP Estandar,0.46054171376129194
97,0.4463694821886894,0.5153576176905623,MLP Estandar,0.4808635499396259
98,0.3468815107281718,0.4162925441399936,MLP Estandar,0.3815870274340827
99,0.4034048486237884,0.50786308211054,MLP Estandar,0.45563396536716416
100,0.3783478175405421,0.5126628170188465,MLP Estandar,0.44550531727969434
0,0.3075130312708337,0.3944447641512091,MLP Perdida Custom,0.3509788977110214
1,0.2456802734083877,0.3186941078100102,MLP Perdida Custom,0.28218719060919895
2,0.3733685687764737,0.4549069688828113,MLP Perdida Custom,0.4141377688296425
3,0.3420198937701513,0.4532766022051501,MLP Perdida Custom,0.3976482479876507
4,0.3785118824627934,0.4847762661903396,MLP Perdida Custom,0.4316440743265665
5,0.2909016030241943,0.3696096184777571,MLP Perdida Custom,0.3302556107509757
6,0.3424153949979345,0.4302729810881962,MLP Perdida Custom,0.38634418804306536
7,0.3969863277044522,0.4894116860843888,MLP Perdida Custom,0.4431990068944205
8,0.4096038871464368,0.4778959325234255,MLP Perdida Custom,0.4437499098349311
9,0.2899206864182656,0.3460978121866661,MLP Perdida Custom,0.3180092493024659
10,0.3563918232969862,0.45962294800435,MLP Perdida Custom,0.4080073856506681
11,0.4339464916178371,0.5370258592877228,MLP Perdida Custom,0.48548617545277994
12,0.3749276686775473,0.4719057476605351,MLP Perdida Custom,0.4234167081690412
13,0.3477026921466785,0.4146458582236593,MLP Perdida Custom,0.3811742751851689
14,0.3852771295600957,0.4681466746233176,MLP Perdida Custom,0.4267119020917066
15,0.2976609078062071,0.3891845186428407,MLP Perdida Custom,0.3434227132245239
16,0.3163448152275711,0.3590612174130562,MLP Perdida Custom,0.33770301632031363
17,0.2793172120079222,0.3526879306774163,MLP Perdida Custom,0.31600257134266924
18,0.3484265859805761,0.4171680687129531,MLP Perdida Custom,0.3827973273467646
19,0.314132988187459,0.4184210003554123,MLP Perdida Custom,0.3662769942714357
20,0.198987400319468,0.3662616447334736,MLP Perdida Custom,0.2826245225264708
21,0.1923241227899453,0.3146049429952754,MLP Perdida Custom,0.25346453289261034
22,0.2798625541002754,0.4213957840986622,MLP Perdida Custom,0.3506291690994688
23,0.3345070873839025,0.4574519612358363,MLP Perdida Custom,0.3959795243098694
24,0.2966816168497314,0.4081803315508768,MLP Perdida Custom,0.3524309742003041
25,0.3166412353262595,0.4041737010479508,MLP Perdida Custom,0.3604074681871051
26,0.3616281271284632,0.4246774883665825,MLP Perdida Custom,0.3931528077475228
27,0.249539719332571,0.4145284073479844,MLP Perdida Custom,0.3320340633402777
28,0.3163591952715727,0.3917194518435841,MLP Perdida Custom,0.3540393235575784
29,0.4105422438628296,0.5019897994460855,MLP Perdida Custom,0.4562660216544575
30,0.3114412598285525,0.423421213911459,MLP Perdida Custom,0.36743123687000573
31,0.3401562979581116,0.4546224512812165,MLP Perdida Custom,0.39738937461966406
32,0.3037023262701529,0.4122478998988983,MLP Perdida Custom,0.3579751130845256
33,0.30148998027168,0.4294655536060393,MLP Perdida Custom,0.36547776693885964
34,0.2523834173750172,0.3972534131400081,MLP Perdida Custom,0.32481841525751265
35,0.3703736377065251,0.4646459860238103,MLP Perdida Custom,0.41750981186516767
36,0.2708920527571797,0.4446890182130364,MLP Perdida Custom,0.3577905354851081
37,0.2747390392244421,0.3582016963833629,MLP Perdida Custom,0.3164703678039025
38,0.3834819946833826,0.479381927461459,MLP Perdida Custom,0.4314319610724208
39,0.3874522768851157,0.4648085553464703,MLP Perdida Custom,0.426130416115793
40,0.3536269818727784,0.4660480466695753,MLP Perdida Custom,0.4098375142711769
41,0.4202327287419222,0.5200022875537789,MLP Perdida Custom,0.4701175081478505
42,0.3590711983574434,0.4301428286840865,MLP Perdida Custom,0.39460701352076494
43,0.2761393524914263,0.3866916099985897,MLP Perdida Custom,0.33141548124500797
44,0.2893471878764608,0.389953289993654,MLP Perdida Custom,0.3396502389350574
45,0.3766426400323382,0.4912020259628008,MLP Perdida Custom,0.43392233299756955
46,0.3781972597779,0.4720966900534593,MLP Perdida Custom,0.42514697491567965
47,0.2915436275664731,0.4100489807741186,MLP Perdida Custom,0.35079630417029584
48,0.2139031998508058,0.25787610575034,MLP Perdida Custom,0.2358896528005729
49,0.3681720200305471,0.4733676096534674,MLP Perdida Custom,0.42076981484200726
50,0.40693816981409,0.4655295932398016,MLP Perdida Custom,0.43623388152694575
51,0.3561903078906666,0.469315951006679,MLP Perdida Custom,0.4127531294486728
52,0.3990495617651245,0.4838147403837148,MLP Perdida Custom,0.4414321510744197
53,0.3542328246242568,0.4542198051598936,MLP Perdida Custom,0.40422631489207517
54,0.2140673317947278,0.3257662162473888,MLP Perdida Custom,0.2699167740210583
55,0.3607820662770353,0.4871648196337681,MLP Perdida Custom,0.42397344295540174
56,0.325114761114486,0.4554352813199442,MLP Perdida Custom,0.39027502121721513
57,0.259339519913771,0.4104572644581526,MLP Perdida Custom,0.33489839218596185
58,0.2511881690740989,0.3344732368030704,MLP Perdida Custom,0.29283070293858465
59,0.3514680463061055,0.4204308269154616,MLP Perdida Custom,0.3859494366107835
60,0.3860271240956888,0.4454850530586899,MLP Perdida Custom,0.4157560885771894
61,0.2725383689503798,0.4104173914001283,MLP Perdida Custom,0.34147788017525404
62,0.3418671556347903,0.4162351275190111,MLP Perdida Custom,0.3790511415769007
63,0.4396091522265125,0.5247613316871609,MLP Perdida Custom,0.48218524195683665
64,0.2670957722341401,0.3942941403610429,MLP Perdida Custom,0.3306949562975915
65,0.3607895047255587,0.4244142330204443,MLP Perdida Custom,0.3926018688730015
66,0.3645769216300518,0.4703511544211709,MLP Perdida Custom,0.4174640380256114
67,0.2745667217854021,0.3921617062087452,MLP Perdida Custom,0.3333642139970736
68,0.3052158300201865,0.3985052065344151,MLP Perdida Custom,0.3518605182773008
69,0.2697402656731672,0.3189449159245074,MLP Perdida Custom,0.2943425907988373
70,0.3101789695327136,0.4600801989383888,MLP Perdida Custom,0.3851295842355512
71,0.2737236591086397,0.3987399838864477,MLP Perdida Custom,0.3362318214975437
72,0.3517454190845279,0.3508557136257252,MLP Perdida Custom,0.3513005663551265
73,0.3248128667443331,0.4277381326235725,MLP Perdida Custom,0.3762754996839528
74,0.3608937549207219,0.4666460214708701,MLP Perdida Custom,0.41376988819579597
75,0.3017086366356835,0.4197089008973211,MLP Perdida Custom,0.36070876876650226
76,0.3166434309614316,0.3952753091148441,MLP Perdida Custom,0.3559593700381378
77,0.3787693610817038,0.4562353042619618,MLP Perdida Custom,0.4175023326718328
78,0.32516242313196,0.4597585928449663,MLP Perdida Custom,0.3924605079884631
79,0.4377096360479323,0.5474706887892994,MLP Perdida Custom,0.49259016241861586
80,0.3326614130325817,0.4765797797036424,MLP Perdida Custom,0.40462059636811204
81,0.4002304607902265,0.4879482135269951,MLP Perdida Custom,0.44408933715861076
82,0.390522239811131,0.4162380073423721,MLP Perdida Custom,0.40338012357675157
83,0.2917405517810353,0.4012483693268771,MLP Perdida Custom,0.34649446055395616
84,0.225443332831445,0.3103826254799249,MLP Perdida Custom,0.26791297915568496
85,0.2767224399312553,0.4229047525251622,MLP Perdida Custom,0.34981359622820873
86,0.357113252529299,0.4813053067362492,MLP Perdida Custom,0.4192092796327741
87,0.3338274952563003,0.4275366368080816,MLP Perdida Custom,0.38068206603219096
88,0.3166197888247621,0.4389596536558181,MLP Perdida Custom,0.3777897212402901
89,0.3496714679181788,0.4293025717027187,MLP Perdida Custom,0.38948701981044875
90,0.2846255227893887,0.3715990109722863,MLP Perdida Custom,0.3281122668808375
91,0.3744895074099339,0.4628669628498882,MLP Perdida Custom,0.4186782351299111
92,0.3616771654714332,0.4833605745479729,MLP Perdida Custom,0.422518870009703
93,0.3426428950885619,0.4271382010179968,MLP Perdida Custom,0.3848905480532794
94,0.3196442698533783,0.3846656997238272,MLP Perdida Custom,0.35215498478860274
95,0.4219920378136398,0.5242181966647879,MLP Perdida Custom,0.47310511723921383
96,0.3498567433717768,0.4367454735279233,MLP Perdida Custom,0.39330110844985006
97,0.3100414111999043,0.4301557769943953,MLP Perdida Custom,0.3700985940971498
98,0.4546906128321111,0.5173829663970513,MLP Perdida Custom,0.4860367896145812
99,0.3180806188886589,0.4538161783145924,MLP Perdida Custom,0.38594839860162566
100,0.3634529504194178,0.4683122656347183,MLP Perdida Custom,0.415882608027068
