random_state,earthworm_shannon_z_r2,earthworm_richness_z_r2,Modelo,r2_medio_prioritarios,posicion
0,0.5390272520927675,0.5789599129377385,XGBoost Multisalida,0.558993582515253,1
0,0.4978523617105647,0.548963729163271,RF Individual,0.5234080454369179,2
0,0.4959731320094859,0.5453285359867652,Random Forest con RegressorChain,0.5206508339981255,3
0,0.4516076284879743,0.5156740356423573,MLP Perdida Custom,0.4836408320651658,4
0,0.3898016099461643,0.4895472609270274,XGBoost Individual,0.43967443543659585,5
0,0.404207902885154,0.4438757693327376,RandomForest Multisalida,0.4240418361089458,6
0,0.3312934045080604,0.4337100208518907,MLP Estandar,0.38250171267997557,7
0,0.2395443154158835,0.2789313433634833,Regresión Individual,0.2592378293896834,8
1,0.5201944813835258,0.5991417665952389,XGBoost Multisalida,0.5596681239893824,1
1,0.5278860367243481,0.5476789960509021,Random Forest con RegressorChain,0.5377825163876251,2
1,0.5126115486927212,0.556816976557184,RF Individual,0.5347142626249526,3
1,0.3898016099461643,0.4895472609270274,XGBoost Individual,0.43967443543659585,4
1,0.4147152225781622,0.4525485025355098,RandomForest Multisalida,0.433631862556836,5
1,0.3673895015965218,0.4707719198134269,MLP Estandar,0.4190807107049743,6
1,0.2845130624353579,0.3848316739286038,MLP Perdida Custom,0.3346723681819809,7
1,0.2395443154158835,0.2789313433634833,Regresión Individual,0.2592378293896834,8
2,0.5390204984265297,0.5687486763713632,XGBoost Multisalida,0.5538845873989464,1
2,0.4793039218014272,0.5456969707715168,RF Individual,0.512500446286472,2
2,0.4653950452248143,0.5575923684277664,Random Forest con RegressorChain,0.5114937068262904,3
2,0.3898016099461643,0.4895472609270274,XGBoost Individual,0.43967443543659585,4
2,0.4173470171705518,0.4529309762356406,RandomForest Multisalida,0.4351389967030962,5
2,0.3602766190148168,0.4542131452656084,MLP Estandar,0.4072448821402126,6
2,0.3238840358594144,0.4389450093797296,MLP Perdida Custom,0.381414522619572,7
2,0.2395443154158835,0.2789313433634833,Regresión Individual,0.2592378293896834,8
3,0.5459103889651812,0.5772245714171077,XGBoost Multisalida,0.5615674801911444,1
3,0.5133424710851476,0.5509743772324606,Random Forest con RegressorChain,0.5321584241588041,2
3,0.4973734294443187,0.5395033803489727,RF Individual,0.5184384048966457,3
3,0.3898016099461643,0.4895472609270274,XGBoost Individual,0.43967443543659585,4
3,0.392103176692875,0.4824629479421471,MLP Estandar,0.437283062317511,5
3,0.4180462597439478,0.4501050028240837,RandomForest Multisalida,0.4340756312840158,6
3,0.3641033618044336,0.4449863230201696,MLP Perdida Custom,0.4045448424123016,7
3,0.2395443154158835,0.2789313433634833,Regresión Individual,0.2592378293896834,8
4,0.529470864679082,0.5743415244095185,XGBoost Multisalida,0.5519061945443002,1
4,0.4994347512187967,0.5474729634713507,RF Individual,0.5234538573450737,2
4,0.4499454379867906,0.5624735168525362,Random Forest con RegressorChain,0.5062094774196634,3
4,0.4258729743319674,0.5035666088869493,MLP Estandar,0.4647197916094583,4
4,0.3898016099461643,0.4895472609270274,XGBoost Individual,0.43967443543659585,5
4,0.4227881498029958,0.4548604864915754,RandomForest Multisalida,0.4388243181472856,6
4,0.3391662321146294,0.4479876589581928,MLP Perdida Custom,0.3935769455364111,7
4,0.2395443154158835,0.2789313433634833,Regresión Individual,0.2592378293896834,8
5,0.5236735993879669,0.5899985975282767,XGBoost Multisalida,0.5568360984581218,1
5,0.5112015995733468,0.5542746070533697,Random Forest con RegressorChain,0.5327381033133582,2
5,0.5022252237442222,0.5469334522879619,RF Individual,0.524579338016092,3
5,0.4165192527242443,0.5236439630914091,MLP Perdida Custom,0.4700816079078267,4
5,0.3898016099461643,0.4895472609270274,XGBoost Individual,0.43967443543659585,5
5,0.4065126849254686,0.4498503406100255,RandomForest Multisalida,0.4281815127677471,6
5,0.2951869380124945,0.3883241037150425,MLP Estandar,0.3417555208637685,7
5,0.2395443154158835,0.2789313433634833,Regresión Individual,0.2592378293896834,8
6,0.5214637534793733,0.6056343989863958,XGBoost Multisalida,0.5635490762328845,1
6,0.5342662409163561,0.5670114116672096,Random Forest con RegressorChain,0.5506388262917828,2
6,0.4974838997908847,0.5540041678751012,RF Individual,0.525744033832993,3
6,0.3898016099461643,0.4895472609270274,XGBoost Individual,0.43967443543659585,4
6,0.4042326744526766,0.4423582132633771,RandomForest Multisalida,0.42329544385802687,5
6,0.3255193614868212,0.4490742626179981,MLP Estandar,0.3872968120524096,6
6,0.3300818041924865,0.4308991221099795,MLP Perdida Custom,0.380490463151233,7
6,0.2395443154158835,0.2789313433634833,Regresión Individual,0.2592378293896834,8
7,0.5286855079543571,0.5931071470552892,XGBoost Multisalida,0.5608963275048231,1
7,0.5009424214595853,0.5569676867616817,RF Individual,0.5289550541106336,2
7,0.5127751984107266,0.5398189417485746,Random Forest con RegressorChain,0.5262970700796505,3
7,0.3898016099461643,0.4895472609270274,XGBoost Individual,0.43967443543659585,4
7,0.4152094790225282,0.4626535482046,MLP Estandar,0.4389315136135641,5
7,0.4180873090714923,0.458640059904479,MLP Perdida Custom,0.4383636844879856,6
7,0.4079264965119302,0.4482265681743964,RandomForest Multisalida,0.4280765323431633,7
7,0.2395443154158835,0.2789313433634833,Regresión Individual,0.2592378293896834,8
8,0.5375239567878154,0.5851148782370277,XGBoost Multisalida,0.5613194175124215,1
8,0.4994913676938646,0.5678766459857216,Random Forest con RegressorChain,0.5336840068397931,2
8,0.5081028416062181,0.5552472613256045,RF Individual,0.5316750514659113,3
8,0.3914138630945993,0.4955991574659408,MLP Estandar,0.44350651028027005,4
8,0.3898016099461643,0.4895472609270274,XGBoost Individual,0.43967443543659585,5
8,0.4088946684881415,0.4406073632072456,RandomForest Multisalida,0.42475101584769354,6
8,0.3063804506402557,0.3983826861333729,MLP Perdida Custom,0.35238156838681434,7
8,0.2395443154158835,0.2789313433634833,Regresión Individual,0.2592378293896834,8
9,0.5239131163624124,0.5844944213894738,XGBoost Multisalida,0.5542037688759431,1
9,0.5156518207205683,0.5587270442714525,Random Forest con RegressorChain,0.5371894324960104,2
9,0.4989582790326035,0.545219406564563,RF Individual,0.5220888427985833,3
9,0.4372675437560299,0.5215015089042896,MLP Perdida Custom,0.4793845263301597,4
9,0.4223813767170447,0.4569914071864063,RandomForest Multisalida,0.4396863919517255,5
9,0.3898016099461643,0.4895472609270274,XGBoost Individual,0.43967443543659585,6
9,0.3844290970924866,0.4828394732766541,MLP Estandar,0.43363428518457037,7
9,0.2395443154158835,0.2789313433634833,Regresión Individual,0.2592378293896834,8
10,0.5301010044554173,0.5785879301007008,XGBoost Multisalida,0.5543444672780591,1
10,0.5235848722735286,0.5737043025291536,Random Forest con RegressorChain,0.548644587401341,2
10,0.4928127073317797,0.5484236592550599,RF Individual,0.5206181832934198,3
10,0.4000464680505239,0.4837495160868023,MLP Estandar,0.4418979920686631,4
10,0.3898016099461643,0.4895472609270274,XGBoost Individual,0.43967443543659585,5
10,0.406434001251327,0.450841464608164,RandomForest Multisalida,0.4286377329297455,6
10,0.3200181593130388,0.4318734659615729,MLP Perdida Custom,0.37594581263730587,7
10,0.2395443154158835,0.2789313433634833,Regresión Individual,0.2592378293896834,8
11,0.5358855313702384,0.5786304720796678,XGBoost Multisalida,0.5572580017249531,1
11,0.5151531865499612,0.5481984401919352,Random Forest con RegressorChain,0.5316758133709483,2
11,0.4957546875594867,0.5220957984882535,RF Individual,0.5089252430238701,3
11,0.3898016099461643,0.4895472609270274,XGBoost Individual,0.43967443543659585,4
11,0.4016800423780351,0.4423580389869822,RandomForest Multisalida,0.4220190406825087,5
11,0.3725066040546333,0.4653402454998512,MLP Perdida Custom,0.41892342477724226,6
11,0.3217575231772404,0.4586806046979171,MLP Estandar,0.39021906393757877,7
11,0.2395443154158835,0.2789313433634833,Regresión Individual,0.2592378293896834,8
12,0.5577681488350661,0.6074872894958134,XGBoost Multisalida,0.5826277191654398,1
12,0.5273555833297495,0.5448956411524523,RF Individual,0.5361256122411009,2
12,0.4803817639984142,0.5541751314205214,Random Forest con RegressorChain,0.5172784477094678,3
12,0.4055557789879207,0.5012169008898846,MLP Perdida Custom,0.45338633993890265,4
12,0.3898016099461643,0.4895472609270274,XGBoost Individual,0.43967443543659585,5
12,0.4080972076683182,0.4379138418883229,RandomForest Multisalida,0.42300552477832054,6
12,0.3724224287209461,0.4658018957528506,MLP Estandar,0.41911216223689834,7
12,0.2395443154158835,0.2789313433634833,Regresión Individual,0.2592378293896834,8
13,0.5612050436301596,0.5884026292654064,XGBoost Multisalida,0.574803836447783,1
13,0.5007377727277902,0.5714929278829399,Random Forest con RegressorChain,0.5361153503053651,2
13,0.4922771508076318,0.5489507517215746,RF Individual,0.5206139512646032,3
13,0.4173724942007376,0.5105875175033274,MLP Perdida Custom,0.4639800058520325,4
13,0.4129688332204007,0.5144001391106279,MLP Estandar,0.4636844861655143,5
13,0.3898016099461643,0.4895472609270274,XGBoost Individual,0.43967443543659585,6
13,0.4083679176384895,0.4495756091266993,RandomForest Multisalida,0.4289717633825944,7
13,0.2395443154158835,0.2789313433634833,Regresión Individual,0.2592378293896834,8
14,0.5393303362225568,0.5814413102244187,XGBoost Multisalida,0.5603858232234877,1
14,0.5057835814179346,0.5650009696524005,Random Forest con RegressorChain,0.5353922755351675,2
14,0.5084617233000396,0.5448631891849226,RF Individual,0.5266624562424811,3
14,0.4211083634417414,0.5057922737519482,MLP Estandar,0.4634503185968448,4
14,0.3898016099461643,0.4895472609270274,XGBoost Individual,0.43967443543659585,5
14,0.4118320149404912,0.4503468568890257,RandomForest Multisalida,0.43108943591475846,6
14,0.329564937642244,0.4483843084376858,MLP Perdida Custom,0.3889746230399649,7
14,0.2395443154158835,0.2789313433634833,Regresión Individual,0.2592378293896834,8
15,0.5220768861978635,0.6105911717177193,XGBoost Multisalida,0.5663340289577914,1
15,0.5202894796909581,0.5514410423848957,Random Forest con RegressorChain,0.5358652610379269,2
15,0.5205213205277321,0.5466463734125275,RF Individual,0.5335838469701298,3
15,0.4257548850617668,0.4541461655148214,RandomForest Multisalida,0.4399505252882941,4
15,0.3898016099461643,0.4895472609270274,XGBoost Individual,0.43967443543659585,5
15,0.3773327320849837,0.4719473729005768,MLP Estandar,0.42464005249278025,6
15,0.3329195781687878,0.4048829517274335,MLP Perdida Custom,0.36890126494811065,7
15,0.2395443154158835,0.2789313433634833,Regresión Individual,0.2592378293896834,8
16,0.5375367050466053,0.5940687494499739,XGBoost Multisalida,0.5658027272482896,1
16,0.523655629186297,0.5528459712602494,Random Forest con RegressorChain,0.5382508002232732,2
16,0.5167298830653426,0.5303514084220234,RF Individual,0.5235406457436831,3
16,0.3898016099461643,0.4895472609270274,XGBoost Individual,0.43967443543659585,4
16,0.4209198563804843,0.4577955424502169,RandomForest Multisalida,0.43935769941535063,5
16,0.3716202165519262,0.4778735985564397,MLP Perdida Custom,0.42474690755418293,6
16,0.3350485114856514,0.4352677069832519,MLP Estandar,0.38515810923445165,7
16,0.2395443154158835,0.2789313433634833,Regresión Individual,0.2592378293896834,8
17,0.5248557681058589,0.5933602160731981,XGBoost Multisalida,0.5591079920895285,1
17,0.5082237129833396,0.5648243335923022,RF Individual,0.5365240232878209,2
17,0.5099859258299724,0.5527185296664285,Random Forest con RegressorChain,0.5313522277482005,3
17,0.3898016099461643,0.4895472609270274,XGBoost Individual,0.43967443543659585,4
17,0.408858847850594,0.4425217733076357,RandomForest Multisalida,0.4256903105791149,5
17,0.3707878381274789,0.4523734386538343,MLP Estandar,0.4115806383906566,6
17,0.3414914929344574,0.4613094755669326,MLP Perdida Custom,0.40140048425069497,7
17,0.2395443154158835,0.2789313433634833,Regresión Individual,0.2592378293896834,8
18,0.5380037208595919,0.6000198615961345,XGBoost Multisalida,0.5690117912278632,1
18,0.5190070591545013,0.5706857375914989,MLP Estandar,0.5448463983730001,2
18,0.5053474767692063,0.5570147210044195,RF Individual,0.5311810988868129,3
18,0.4906560979053729,0.5614083323939436,Random Forest con RegressorChain,0.5260322151496583,4
18,0.3898016099461643,0.4895472609270274,XGBoost Individual,0.43967443543659585,5
18,0.4018820159154787,0.4421061098678871,RandomForest Multisalida,0.4219940628916829,6
18,0.3201357142845843,0.4487105859718207,MLP Perdida Custom,0.3844231501282025,7
18,0.2395443154158835,0.2789313433634833,Regresión Individual,0.2592378293896834,8
19,0.5334479667710392,0.6001780790779806,XGBoost Multisalida,0.5668130229245099,1
19,0.5046809206747687,0.5502663214609687,RF Individual,0.5274736210678687,2
19,0.462732892741988,0.5735953874205416,Random Forest con RegressorChain,0.5181641400812648,3
19,0.3898016099461643,0.4895472609270274,XGBoost Individual,0.43967443543659585,4
19,0.4227776554149894,0.4542487242609129,RandomForest Multisalida,0.4385131898379512,5
19,0.3366423606725953,0.4520881825514354,MLP Perdida Custom,0.39436527161201534,6
19,0.3166684661992213,0.4102794814443978,MLP Estandar,0.36347397382180957,7
19,0.2395443154158835,0.2789313433634833,Regresión Individual,0.2592378293896834,8
20,0.538108440587649,0.5858078606233136,XGBoost Multisalida,0.5619581506054813,1
20,0.5085505457992292,0.5784909002970089,Random Forest con RegressorChain,0.543520723048119,2
20,0.5086343440608161,0.5341187885701071,RF Individual,0.5213765663154616,3
20,0.4173022859916427,0.5177405954010877,MLP Estandar,0.46752144069636525,4
20,0.3898016099461643,0.4895472609270274,XGBoost Individual,0.43967443543659585,5
20,0.4143238076682828,0.4481046557834948,RandomForest Multisalida,0.4312142317258888,6
20,0.3181617534082918,0.4294107144376893,MLP Perdida Custom,0.37378623392299054,7
20,0.2395443154158835,0.2789313433634833,Regresión Individual,0.2592378293896834,8
21,0.5476552436410753,0.6008037617368767,XGBoost Multisalida,0.574229502688976,1
21,0.5152403315854558,0.5618159919203316,Random Forest con RegressorChain,0.5385281617528936,2
21,0.4985324857781102,0.5474835896261856,RF Individual,0.5230080377021479,3
21,0.3898016099461643,0.4895472609270274,XGBoost Individual,0.43967443543659585,4
21,0.4176212569391384,0.4558951127156171,RandomForest Multisalida,0.4367581848273777,5
21,0.3869975467386173,0.472497430442153,MLP Perdida Custom,0.42974748859038514,6
21,0.3486592112094878,0.464624183802762,MLP Estandar,0.4066416975061249,7
21,0.2395443154158835,0.2789313433634833,Regresión Individual,0.2592378293896834,8
22,0.5354425418701847,0.5896170882346341,XGBoost Multisalida,0.5625298150524094,1
22,0.5230022182154161,0.5675273909746199,Random Forest con RegressorChain,0.545264804595018,2
22,0.4987455154086326,0.5597151347942221,RF Individual,0.5292303251014273,3
22,0.4267150549159906,0.5438516186795733,MLP Estandar,0.48528333679778196,4
22,0.3898016099461643,0.4895472609270274,XGBoost Individual,0.43967443543659585,5
22,0.4231193746946626,0.453065853595141,RandomForest Multisalida,0.4380926141449018,6
22,0.326306182409373,0.4585508530044772,MLP Perdida Custom,0.3924285177069251,7
22,0.2395443154158835,0.2789313433634833,Regresión Individual,0.2592378293896834,8
23,0.5289550272744774,0.579380299416677,XGBoost Multisalida,0.5541676633455772,1
23,0.501145966029564,0.5600966224911781,RF Individual,0.530621294260371,2
23,0.5088914281955987,0.5506065590286633,Random Forest con RegressorChain,0.529748993612131,3
23,0.3951247321392105,0.5077449129852656,MLP Estandar,0.45143482256223805,4
23,0.3898016099461643,0.4895472609270274,XGBoost Individual,0.43967443543659585,5
23,0.4177472254494523,0.4507604189236829,RandomForest Multisalida,0.4342538221865676,6
23,0.3288812493430417,0.4162869560272347,MLP Perdida Custom,0.3725841026851382,7
23,0.2395443154158835,0.2789313433634833,Regresión Individual,0.2592378293896834,8
24,0.5346146831852365,0.5894710849725097,XGBoost Multisalida,0.5620428840788732,1
24,0.4694439718653931,0.5734698365662722,Random Forest con RegressorChain,0.5214569042158326,2
24,0.5036824893786571,0.5314939272738591,RF Individual,0.5175882083262582,3
24,0.4120027415722359,0.5063905641515088,MLP Perdida Custom,0.4591966528618724,4
24,0.3898016099461643,0.4895472609270274,XGBoost Individual,0.43967443543659585,5
24,0.3735703778424747,0.4953744824376861,MLP Estandar,0.4344724301400804,6
24,0.3966327525028446,0.4328455459105352,RandomForest Multisalida,0.41473914920668986,7
24,0.2395443154158835,0.2789313433634833,Regresión Individual,0.2592378293896834,8
25,0.5317888568895504,0.5773778740681281,XGBoost Multisalida,0.5545833654788392,1
25,0.5185117317813693,0.5475227745619817,RF Individual,0.5330172531716755,2
25,0.4990304601889831,0.5413844243564756,Random Forest con RegressorChain,0.5202074422727294,3
25,0.4511619736177918,0.5422877618018231,MLP Estandar,0.4967248677098075,4
25,0.3898016099461643,0.4895472609270274,XGBoost Individual,0.43967443543659585,5
25,0.4082520307623803,0.436801662388636,RandomForest Multisalida,0.42252684657550815,6
25,0.2983339378027049,0.3688943222495161,MLP Perdida Custom,0.3336141300261105,7
25,0.2395443154158835,0.2789313433634833,Regresión Individual,0.2592378293896834,8
26,0.5208616605158737,0.5777872804139632,XGBoost Multisalida,0.5493244704649185,1
26,0.4531887031545903,0.5699588055808458,Random Forest con RegressorChain,0.511573754367718,2
26,0.4813030584351357,0.5418092043027793,RF Individual,0.5115561313689575,3
26,0.3898016099461643,0.4895472609270274,XGBoost Individual,0.43967443543659585,4
26,0.3757580658667988,0.4854385257705615,MLP Perdida Custom,0.43059829581868014,5
26,0.4104245314312497,0.4460178629239293,RandomForest Multisalida,0.4282211971775895,6
26,0.3315978857436081,0.4477258138313367,MLP Estandar,0.3896618497874724,7
26,0.2395443154158835,0.2789313433634833,Regresión Individual,0.2592378293896834,8
27,0.5360647244853706,0.6024979942728761,XGBoost Multisalida,0.5692813593791233,1
27,0.4956188262607632,0.5717889879002777,Random Forest con RegressorChain,0.5337039070805204,2
27,0.5095018672623243,0.5459995453833353,RF Individual,0.5277507063228297,3
27,0.4710327701419079,0.5516677857936343,MLP Estandar,0.5113502779677711,4
27,0.3898016099461643,0.4895472609270274,XGBoost Individual,0.43967443543659585,5
27,0.4183895831971942,0.447213150854702,RandomForest Multisalida,0.43280136702594807,6
27,0.3424246328468974,0.4697242746450244,MLP Perdida Custom,0.4060744537459609,7
27,0.2395443154158835,0.2789313433634833,Regresión Individual,0.2592378293896834,8
28,0.5444144434907612,0.5875554603458985,XGBoost Multisalida,0.5659849519183298,1
28,0.523614337418862,0.5536090037815713,Random Forest con RegressorChain,0.5386116706002166,2
28,0.5034198128715965,0.5529838679824242,RF Individual,0.5282018404270103,3
28,0.4327501843043921,0.4620780570816314,RandomForest Multisalida,0.4474141206930118,4
28,0.3898016099461643,0.4895472609270274,XGBoost Individual,0.43967443543659585,5
28,0.4255081024726164,0.4489137510151217,MLP Estandar,0.4372109267438691,6
28,0.2890850317452569,0.3934036681247235,MLP Perdida Custom,0.3412443499349902,7
28,0.2395443154158835,0.2789313433634833,Regresión Individual,0.2592378293896834,8
29,0.5251109618826679,0.5774354683644676,XGBoost Multisalida,0.5512732151235678,1
29,0.5210974978104637,0.5526009981308957,Random Forest con RegressorChain,0.5368492479706797,2
29,0.4997666438695503,0.5476843649481916,RF Individual,0.5237255044088709,3
29,0.3949927772896952,0.4976088629662315,MLP Estandar,0.44630082012796335,4
29,0.3898016099461643,0.4895472609270274,XGBoost Individual,0.43967443543659585,5
29,0.4009694661475117,0.431823889084554,RandomForest Multisalida,0.41639667761603283,6
29,0.3331309510784674,0.4251888421671507,MLP Perdida Custom,0.379159896622809,7
29,0.2395443154158835,0.2789313433634833,Regresión Individual,0.2592378293896834,8
30,0.522309983928694,0.5707764715038803,XGBoost Multisalida,0.5465432277162872,1
30,0.4945535865219689,0.5482080026660596,Random Forest con RegressorChain,0.5213807945940143,2
30,0.4989194725075941,0.5308594749925977,RF Individual,0.5148894737500959,3
30,0.4287309179944807,0.4598468781449948,RandomForest Multisalida,0.44428889806973776,4
30,0.3898016099461643,0.4895472609270274,XGBoost Individual,0.43967443543659585,5
30,0.3777802575019299,0.4975081995532713,MLP Perdida Custom,0.4376442285276006,6
30,0.3893072643215829,0.4844462578057159,MLP Estandar,0.43687676106364937,7
30,0.2395443154158835,0.2789313433634833,Regresión Individual,0.2592378293896834,8
31,0.5318315787863535,0.5953525634853396,XGBoost Multisalida,0.5635920711358465,1
31,0.4971347944203992,0.5593067628881723,Random Forest con RegressorChain,0.5282207786542857,2
31,0.5115472828923533,0.5259380619211809,RF Individual,0.5187426724067671,3
31,0.3898016099461643,0.4895472609270274,XGBoost Individual,0.43967443543659585,4
31,0.4066329819759212,0.4374494862130378,RandomForest Multisalida,0.42204123409447947,5
31,0.3443016121321612,0.4399394947179531,MLP Estandar,0.39212055342505714,6
31,0.3397500122188982,0.4443416580720384,MLP Perdida Custom,0.3920458351454683,7
31,0.2395443154158835,0.2789313433634833,Regresión Individual,0.2592378293896834,8
32,0.5363429332270326,0.5933101477347038,XGBoost Multisalida,0.5648265404808682,1
32,0.4860526504595323,0.5386111504862654,Random Forest con RegressorChain,0.5123319004728988,2
32,0.483791557580343,0.533556748050753,RF Individual,0.5086741528155481,3
32,0.3898016099461643,0.4895472609270274,XGBoost Individual,0.43967443543659585,4
32,0.41099497043894,0.442649413223392,RandomForest Multisalida,0.426822191831166,5
32,0.3633260678303258,0.4744841464921245,MLP Perdida Custom,0.41890510716122514,6
32,0.3625199962060021,0.4745583645321403,MLP Estandar,0.41853918036907123,7
32,0.2395443154158835,0.2789313433634833,Regresión Individual,0.2592378293896834,8
33,0.5459134875857772,0.5771369741254775,XGBoost Multisalida,0.5615252308556273,1
33,0.4633102633557299,0.5685614020468575,Random Forest con RegressorChain,0.5159358327012937,2
33,0.4989398633533473,0.529574399657306,RF Individual,0.5142571315053266,3
33,0.3898016099461643,0.4895472609270274,XGBoost Individual,0.43967443543659585,4
33,0.4121774855022849,0.4515876170085329,RandomForest Multisalida,0.43188255125540886,5
33,0.3870574660015313,0.4513159569721444,MLP Perdida Custom,0.41918671148683784,6
33,0.3764751042050491,0.4576228689674424,MLP Estandar,0.4170489865862458,7
33,0.2395443154158835,0.2789313433634833,Regresión Individual,0.2592378293896834,8
34,0.5242792271246627,0.5983479856328957,XGBoost Multisalida,0.5613136063787791,1
34,0.5179331228160708,0.5779493182129666,Random Forest con RegressorChain,0.5479412205145187,2
34,0.5244745954402421,0.5622601534940875,RF Individual,0.5433673744671648,3
34,0.4349869459780631,0.4679825871794606,RandomForest Multisalida,0.45148476657876185,4
34,0.3898016099461643,0.4895472609270274,XGBoost Individual,0.43967443543659585,5
34,0.3573819601810734,0.4716147789934501,MLP Perdida Custom,0.4144983695872617,6
34,0.3553688676179332,0.4601489624946646,MLP Estandar,0.4077589150562989,7
34,0.2395443154158835,0.2789313433634833,Regresión Individual,0.2592378293896834,8
35,0.5213249840394154,0.5960600879770594,XGBoost Multisalida,0.5586925360082374,1
35,0.5220380599193599,0.5658372632906449,Random Forest con RegressorChain,0.5439376616050025,2
35,0.5129166814135181,0.5505892338957269,RF Individual,0.5317529576546225,3
35,0.3898016099461643,0.4895472609270274,XGBoost Individual,0.43967443543659585,4
35,0.4140058243068085,0.4463994322219685,RandomForest Multisalida,0.4302026282643885,5
35,0.3852896112490678,0.4558768241420663,MLP Estandar,0.42058321769556706,6
35,0.2467036967973028,0.2897500520589288,MLP Perdida Custom,0.26822687442811577,7
35,0.2395443154158835,0.2789313433634833,Regresión Individual,0.2592378293896834,8
36,0.5267508420657889,0.5901955289423066,XGBoost Multisalida,0.5584731855040478,1
36,0.500012265317246,0.5445458151787943,RF Individual,0.5222790402480202,2
36,0.4645106713669255,0.5623500695582138,Random Forest con RegressorChain,0.5134303704625696,3
36,0.3898016099461643,0.4895472609270274,XGBoost Individual,0.43967443543659585,4
36,0.42076616586,0.4541497220343874,RandomForest Multisalida,0.43745794394719373,5
36,0.3667263528785535,0.4547395792443356,MLP Perdida Custom,0.41073296606144455,6
36,0.3450786729268262,0.4245672460348288,MLP Estandar,0.3848229594808275,7
36,0.2395443154158835,0.2789313433634833,Regresión Individual,0.2592378293896834,8
37,0.545470715823211,0.5901867948117075,XGBoost Multisalida,0.5678287553174592,1
37,0.505140502835844,0.5631257229160682,Random Forest con RegressorChain,0.5341331128759561,2
37,0.4972310690618644,0.5400515204657819,RF Individual,0.5186412947638231,3
37,0.42227202196648,0.4584772388894287,RandomForest Multisalida,0.44037463042795433,4
37,0.3898016099461643,0.4895472609270274,XGBoost Individual,0.43967443543659585,5
37,0.382731881981381,0.4883388467469809,MLP Estandar,0.43553536436418094,6
37,0.3635614581402457,0.4607187397745219,MLP Perdida Custom,0.4121400989573838,7
37,0.2395443154158835,0.2789313433634833,Regresión Individual,0.2592378293896834,8
38,0.5546397583180729,0.600838099049392,XGBoost Multisalida,0.5777389286837324,1
38,0.5149465068354637,0.5589411579833645,RF Individual,0.5369438324094141,2
38,0.4661478691341139,0.5554119421582706,Random Forest con RegressorChain,0.5107799056461922,3
38,0.4052630261317601,0.4886976436911575,MLP Estandar,0.4469803349114588,4
38,0.4243706073785647,0.4561794268437605,RandomForest Multisalida,0.44027501711116257,5
38,0.3898016099461643,0.4895472609270274,XGBoost Individual,0.43967443543659585,6
38,0.315853753702257,0.420127948305354,MLP Perdida Custom,0.36799085100380546,7
38,0.2395443154158835,0.2789313433634833,Regresión Individual,0.2592378293896834,8
39,0.5490196499088189,0.5931692911387537,XGBoost Multisalida,0.5710944705237864,1
39,0.521680426927315,0.5732836582461653,Random Forest con RegressorChain,0.5474820425867402,2
39,0.5119565403465852,0.554410127849887,RF Individual,0.5331833340982362,3
39,0.3732045461858939,0.5099675832486215,MLP Perdida Custom,0.4415860647172577,4
39,0.3898016099461643,0.4895472609270274,XGBoost Individual,0.43967443543659585,5
39,0.3920583419241997,0.4778381560363911,MLP Estandar,0.4349482489802954,6
39,0.4014308680524329,0.4369928623968534,RandomForest Multisalida,0.41921186522464315,7
39,0.2395443154158835,0.2789313433634833,Regresión Individual,0.2592378293896834,8
40,0.5442117310489712,0.5750623097455057,XGBoost Multisalida,0.5596370203972385,1
40,0.5015515420868635,0.557071600129158,Random Forest con RegressorChain,0.5293115711080107,2
40,0.50334170344268,0.5412996156334966,RF Individual,0.5223206595380883,3
40,0.3898016099461643,0.4895472609270274,XGBoost Individual,0.43967443543659585,4
40,0.3972667992364166,0.4785904454201057,MLP Estandar,0.43792862232826113,5
40,0.4171863157540747,0.4528933440790765,RandomForest Multisalida,0.43503982991657564,6
40,0.341741357270962,0.447186513000305,MLP Perdida Custom,0.3944639351356335,7
40,0.2395443154158835,0.2789313433634833,Regresión Individual,0.2592378293896834,8
41,0.5414493685378424,0.5935730949640887,XGBoost Multisalida,0.5675112317509656,1
41,0.5191575914245037,0.5698295369259326,Random Forest con RegressorChain,0.5444935641752182,2
41,0.5064494106775126,0.5577940859656512,RF Individual,0.5321217483215819,3
41,0.4338410056394124,0.5238991028603033,MLP Estandar,0.47887005424985785,4
41,0.4164386992167456,0.5062907944540438,MLP Perdida Custom,0.4613647468353947,5
41,0.4233699966993971,0.4566367086793119,RandomForest Multisalida,0.44000335268935453,6
41,0.3898016099461643,0.4895472609270274,XGBoost Individual,0.43967443543659585,7
41,0.2395443154158835,0.2789313433634833,Regresión Individual,0.2592378293896834,8
42,0.5420078850695926,0.5790987387930041,XGBoost Multisalida,0.5605533119312984,1
42,0.5149889565286181,0.5623659629091637,RF Individual,0.5386774597188909,2
42,0.5030024103742727,0.5406930147798839,Random Forest con RegressorChain,0.5218477125770783,3
42,0.3886528011862956,0.5129783457749462,MLP Perdida Custom,0.45081557348062085,4
42,0.3898016099461643,0.4895472609270274,XGBoost Individual,0.43967443543659585,5
42,0.4087280405768346,0.4424395210066654,RandomForest Multisalida,0.42558378079174997,6
42,0.3524494282833997,0.4528181111183728,MLP Estandar,0.40263376970088627,7
42,0.2395443154158835,0.2789313433634833,Regresión Individual,0.2592378293896834,8
43,0.5437011485208048,0.5880865830907991,XGBoost Multisalida,0.5658938658058019,1
43,0.498780915897139,0.5641881381914589,Random Forest con RegressorChain,0.5314845270442989,2
43,0.5055639856224248,0.5559761076706256,RF Individual,0.5307700466465252,3
43,0.3898016099461643,0.4895472609270274,XGBoost Individual,0.43967443543659585,4
43,0.4163766663796596,0.4499826116418766,RandomForest Multisalida,0.43317963901076806,5
43,0.3614532313134422,0.4944794951655915,MLP Estandar,0.42796636323951687,6
43,0.3309086325915449,0.4440589491352815,MLP Perdida Custom,0.3874837908634132,7
43,0.2395443154158835,0.2789313433634833,Regresión Individual,0.2592378293896834,8
44,0.5267420938535563,0.5898254643584797,XGBoost Multisalida,0.558283779106018,1
44,0.5160493331670268,0.5589413821744458,Random Forest con RegressorChain,0.5374953576707363,2
44,0.4845463937539722,0.5301056282638263,RF Individual,0.5073260110088993,3
44,0.3898016099461643,0.4895472609270274,XGBoost Individual,0.43967443543659585,4
44,0.4093129243365404,0.4480015145203911,RandomForest Multisalida,0.42865721942846574,5
44,0.3826347358391347,0.4671685524939688,MLP Perdida Custom,0.42490164416655174,6
44,0.3691888591551663,0.4752964341741681,MLP Estandar,0.4222426466646672,7
44,0.2395443154158835,0.2789313433634833,Regresión Individual,0.2592378293896834,8
45,0.5294400730909375,0.5972635992686289,XGBoost Multisalida,0.5633518361797832,1
45,0.5176250607465874,0.5412208188879799,Random Forest con RegressorChain,0.5294229398172836,2
45,0.4944421046040677,0.5312885543175083,RF Individual,0.512865329460788,3
45,0.4424826231712501,0.5307347267536047,MLP Estandar,0.4866086749624274,4
45,0.4232239939921092,0.4599295603960761,RandomForest Multisalida,0.4415767771940926,5
45,0.3898016099461643,0.4895472609270274,XGBoost Individual,0.43967443543659585,6
45,0.306026869905926,0.396483100509502,MLP Perdida Custom,0.351254985207714,7
45,0.2395443154158835,0.2789313433634833,Regresión Individual,0.2592378293896834,8
46,0.5349974940839642,0.5775610206215303,XGBoost Multisalida,0.5562792573527473,1
46,0.5217675011353402,0.5570144227404961,RF Individual,0.5393909619379181,2
46,0.4428879934656383,0.562333589662566,Random Forest con RegressorChain,0.5026107915641022,3
46,0.4170346485972718,0.4871752527553067,MLP Perdida Custom,0.45210495067628925,4
46,0.4118399670466817,0.4914083657932537,MLP Estandar,0.4516241664199677,5
46,0.3898016099461643,0.4895472609270274,XGBoost Individual,0.43967443543659585,6
46,0.418067264503478,0.4488447331866222,RandomForest Multisalida,0.4334559988450501,7
46,0.2395443154158835,0.2789313433634833,Regresión Individual,0.2592378293896834,8
47,0.5471515395549772,0.5783182811200134,XGBoost Multisalida,0.5627349103374952,1
47,0.4966797556304536,0.5501460685492109,RF Individual,0.5234129120898322,2
47,0.4375817325893624,0.5609599002018872,Random Forest con RegressorChain,0.4992708163956248,3
47,0.409257279344372,0.523890532482274,MLP Estandar,0.46657390591332304,4
47,0.3898016099461643,0.4895472609270274,XGBoost Individual,0.43967443543659585,5
47,0.417476645002335,0.4524010257827816,RandomForest Multisalida,0.4349388353925583,6
47,0.346351785111152,0.4480852626713897,MLP Perdida Custom,0.3972185238912709,7
47,0.2395443154158835,0.2789313433634833,Regresión Individual,0.2592378293896834,8
48,0.5305443067160637,0.6027694302185729,XGBoost Multisalida,0.5666568684673183,1
48,0.4981641556462217,0.537644578103134,RF Individual,0.5179043668746779,2
48,0.4755840647437368,0.5381720501258674,Random Forest con RegressorChain,0.5068780574348022,3
48,0.3898016099461643,0.4895472609270274,XGBoost Individual,0.43967443543659585,4
48,0.3935050639997133,0.4772434068411376,MLP Estandar,0.4353742354204254,5
48,0.4140228431543752,0.4494477434750771,RandomForest Multisalida,0.43173529331472615,6
48,0.3465003925854701,0.4423591559381828,MLP Perdida Custom,0.39442977426182646,7
48,0.2395443154158835,0.2789313433634833,Regresión Individual,0.2592378293896834,8
49,0.5398278105269894,0.5803791825515932,XGBoost Multisalida,0.5601034965392913,1
49,0.5010264720494142,0.5642350939295435,Random Forest con RegressorChain,0.5326307829894789,2
49,0.4975592857024496,0.5566617552454243,RF Individual,0.5271105204739369,3
49,0.3898016099461643,0.4895472609270274,XGBoost Individual,0.43967443543659585,4
49,0.4194414708161545,0.453421648792405,RandomForest Multisalida,0.4364315598042797,5
49,0.3747147800518807,0.472143973103621,MLP Estandar,0.4234293765777508,6
49,0.2745920223117042,0.382002717325097,MLP Perdida Custom,0.32829736981840063,7
49,0.2395443154158835,0.2789313433634833,Regresión Individual,0.2592378293896834,8
50,0.5373466884583893,0.5769839849007752,XGBoost Multisalida,0.5571653366795822,1
50,0.5214292977619446,0.5570732643376957,Random Forest con RegressorChain,0.5392512810498201,2
50,0.5208388644151765,0.5492344378894984,RF Individual,0.5350366511523375,3
50,0.3925099474408235,0.5216545986837495,MLP Estandar,0.45708227306228655,4
50,0.3898016099461643,0.4895472609270274,XGBoost Individual,0.43967443543659585,5
50,0.4135009301202408,0.4472182118738254,RandomForest Multisalida,0.4303595709970331,6
50,0.2908592195441342,0.3553197661243853,MLP Perdida Custom,0.32308949283425975,7
50,0.2395443154158835,0.2789313433634833,Regresión Individual,0.2592378293896834,8
51,0.5518940204451338,0.587204409579779,XGBoost Multisalida,0.5695492150124564,1
51,0.5087409329975823,0.5415971742443793,RF Individual,0.5251690536209808,2
51,0.4582274950777113,0.565410690582659,Random Forest con RegressorChain,0.5118190928301851,3
51,0.4056360744308631,0.510555928192226,MLP Estandar,0.4580960013115445,4
51,0.4252588132861186,0.4628971613297713,RandomForest Multisalida,0.44407798730794495,5
51,0.3898016099461643,0.4895472609270274,XGBoost Individual,0.43967443543659585,6
51,0.3503990047239834,0.4725259000088696,MLP Perdida Custom,0.41146245236642653,7
51,0.2395443154158835,0.2789313433634833,Regresión Individual,0.2592378293896834,8
52,0.5195933422943334,0.5849194236697168,XGBoost Multisalida,0.5522563829820251,1
52,0.5122454441087728,0.5633966917641902,Random Forest con RegressorChain,0.5378210679364814,2
52,0.5048912898797291,0.5475338009761199,RF Individual,0.5262125454279245,3
52,0.4294753862417809,0.5039064436929988,MLP Estandar,0.4666909149673898,4
52,0.3898016099461643,0.4895472609270274,XGBoost Individual,0.43967443543659585,5
52,0.418518467698498,0.4542335018372921,RandomForest Multisalida,0.4363759847678951,6
52,0.3524323295879145,0.4119556125437341,MLP Perdida Custom,0.3821939710658243,7
52,0.2395443154158835,0.2789313433634833,Regresión Individual,0.2592378293896834,8
53,0.5326128304271305,0.6003833000714777,XGBoost Multisalida,0.5664980652493041,1
53,0.5207806590722281,0.5522130010327166,Random Forest con RegressorChain,0.5364968300524724,2
53,0.502540700096546,0.5520392863909005,RF Individual,0.5272899932437232,3
53,0.3914015359809051,0.5264854691333104,MLP Perdida Custom,0.45894350255710775,4
53,0.3898016099461643,0.4895472609270274,XGBoost Individual,0.43967443543659585,5
53,0.4082351493437794,0.4506916114521657,RandomForest Multisalida,0.42946338039797255,6
53,0.3939954459911297,0.448542823689872,MLP Estandar,0.4212691348405008,7
53,0.2395443154158835,0.2789313433634833,Regresión Individual,0.2592378293896834,8
54,0.5591701210291162,0.5793210118174816,Random Forest con RegressorChain,0.5692455664232989,1
54,0.5164579487777965,0.6019186562394359,XGBoost Multisalida,0.5591883025086162,2
54,0.4928716665335656,0.5480635136556578,RF Individual,0.5204675900946116,3
54,0.4106459889433513,0.5342109803023278,MLP Estandar,0.4724284846228396,4
54,0.3898016099461643,0.4895472609270274,XGBoost Individual,0.43967443543659585,5
54,0.4097242963699884,0.4474462243517272,RandomForest Multisalida,0.4285852603608578,6
54,0.3428327512896053,0.4437331703891815,MLP Perdida Custom,0.3932829608393934,7
54,0.2395443154158835,0.2789313433634833,Regresión Individual,0.2592378293896834,8
55,0.503233943270888,0.5904644840018424,XGBoost Multisalida,0.5468492136363652,1
55,0.5204176946159418,0.5545424874968352,Random Forest con RegressorChain,0.5374800910563885,2
55,0.4844020375832905,0.5424986371545149,RF Individual,0.5134503373689027,3
55,0.407711149045409,0.4776631670775495,MLP Perdida Custom,0.4426871580614793,4
55,0.3898016099461643,0.4895472609270274,XGBoost Individual,0.43967443543659585,5
55,0.4271444099353594,0.4483087599409693,RandomForest Multisalida,0.43772658493816435,6
55,0.3601895103131863,0.4549057262386514,MLP Estandar,0.40754761827591884,7
55,0.2395443154158835,0.2789313433634833,Regresión Individual,0.2592378293896834,8
56,0.519617537834169,0.5865571829416276,XGBoost Multisalida,0.5530873603878983,1
56,0.4901764160313653,0.5743122192230026,Random Forest con RegressorChain,0.5322443176271839,2
56,0.5046338398479788,0.5288413197199284,RF Individual,0.5167375797839536,3
56,0.4598110949124926,0.5239816565762858,MLP Estandar,0.4918963757443892,4
56,0.3898016099461643,0.4895472609270274,XGBoost Individual,0.43967443543659585,5
56,0.3934661428986763,0.4294804688386593,RandomForest Multisalida,0.4114733058686678,6
56,0.3587486208409162,0.4301713456905659,MLP Perdida Custom,0.39445998326574105,7
56,0.2395443154158835,0.2789313433634833,Regresión Individual,0.2592378293896834,8
57,0.5266708993521854,0.5597348879197032,XGBoost Multisalida,0.5432028936359443,1
57,0.5054054316760668,0.5363990820935901,RF Individual,0.5209022568848285,2
57,0.4577417715257538,0.5612369174564263,Random Forest con RegressorChain,0.5094893444910901,3
57,0.4003595944064282,0.4949540671390632,MLP Estandar,0.4476568307727457,4
57,0.3898016099461643,0.4895472609270274,XGBoost Individual,0.43967443543659585,5
57,0.4061330274549302,0.4429185550234584,RandomForest Multisalida,0.4245257912391943,6
57,0.3521119708565343,0.4575162834778545,MLP Perdida Custom,0.4048141271671944,7
57,0.2395443154158835,0.2789313433634833,Regresión Individual,0.2592378293896834,8
58,0.5381048354528932,0.5916206110506066,XGBoost Multisalida,0.5648627232517499,1
58,0.5048068155815508,0.5666483823291448,Random Forest con RegressorChain,0.5357275989553478,2
58,0.4952378318305241,0.5544586368934864,RF Individual,0.5248482343620052,3
58,0.4185762643525603,0.4630521248943611,RandomForest Multisalida,0.4408141946234607,4
58,0.3898016099461643,0.4895472609270274,XGBoost Individual,0.43967443543659585,5
58,0.3423753209606779,0.4436236320498166,MLP Perdida Custom,0.39299947650524725,6
58,0.2983978599688439,0.4014505624264296,MLP Estandar,0.3499242111976367,7
58,0.2395443154158835,0.2789313433634833,Regresión Individual,0.2592378293896834,8
59,0.5428985704232845,0.5969374865186057,XGBoost Multisalida,0.5699180284709451,1
59,0.5039597928084724,0.5447711338397773,Random Forest con RegressorChain,0.5243654633241248,2
59,0.5045846060764929,0.5437942742234978,RF Individual,0.5241894401499954,3
59,0.3898016099461643,0.4895472609270274,XGBoost Individual,0.43967443543659585,4
59,0.4210719629759663,0.4561326602404859,RandomForest Multisalida,0.43860231160822605,5
59,0.3852041574678274,0.4477310977439128,MLP Estandar,0.4164676276058701,6
59,0.366679429641966,0.4543018762386471,MLP Perdida Custom,0.4104906529403065,7
59,0.2395443154158835,0.2789313433634833,Regresión Individual,0.2592378293896834,8
60,0.5196787771791653,0.5632857249009691,XGBoost Multisalida,0.5414822510400672,1
60,0.497593505690758,0.5761101384162757,Random Forest con RegressorChain,0.5368518220535168,2
60,0.4980460186144285,0.556481325600301,RF Individual,0.5272636721073647,3
60,0.4227639525728605,0.4589202373252304,RandomForest Multisalida,0.44084209494904547,4
60,0.3898016099461643,0.4895472609270274,XGBoost Individual,0.43967443543659585,5
60,0.3357614958232514,0.4417822224594977,MLP Perdida Custom,0.3887718591413746,6
60,0.3174666650429658,0.4055149457248764,MLP Estandar,0.3614908053839211,7
60,0.2395443154158835,0.2789313433634833,Regresión Individual,0.2592378293896834,8
61,0.5387074581515638,0.5929568331875845,XGBoost Multisalida,0.5658321456695742,1
61,0.4988363488622335,0.5299273050681548,RF Individual,0.5143818269651941,2
61,0.4680427421618739,0.5603310481829884,Random Forest con RegressorChain,0.5141868951724311,3
61,0.3898016099461643,0.4895472609270274,XGBoost Individual,0.43967443543659585,4
61,0.3847622363304616,0.4810482262293177,MLP Estandar,0.43290523127988967,5
61,0.4132589804930983,0.4430452345993724,RandomForest Multisalida,0.42815210754623534,6
61,0.3330012990771164,0.4486083237681336,MLP Perdida Custom,0.390804811422625,7
61,0.2395443154158835,0.2789313433634833,Regresión Individual,0.2592378293896834,8
62,0.5163746979412263,0.57804072984401,XGBoost Multisalida,0.5472077138926181,1
62,0.5164191720051234,0.5724554769489949,Random Forest con RegressorChain,0.5444373244770592,2
62,0.5195035340160334,0.5671702513772681,RF Individual,0.5433368926966508,3
62,0.4180776283956523,0.4898548748305822,MLP Estandar,0.45396625161311727,4
62,0.3898016099461643,0.4895472609270274,XGBoost Individual,0.43967443543659585,5
62,0.4174491922360123,0.4491885475457087,RandomForest Multisalida,0.4333188698908605,6
62,0.3276272825653363,0.4078072209504143,MLP Perdida Custom,0.3677172517578753,7
62,0.2395443154158835,0.2789313433634833,Regresión Individual,0.2592378293896834,8
63,0.5396093553285934,0.5832036157201796,XGBoost Multisalida,0.5614064855243865,1
63,0.5268037754498718,0.5515939659702362,Random Forest con RegressorChain,0.539198870710054,2
63,0.5151297731620258,0.5448905806293991,RF Individual,0.5300101768957124,3
63,0.4134330872386844,0.5417632029178345,MLP Perdida Custom,0.4775981450782595,4
63,0.4310483348527947,0.5148606073141311,MLP Estandar,0.4729544710834629,5
63,0.3898016099461643,0.4895472609270274,XGBoost Individual,0.43967443543659585,6
63,0.4020644241466669,0.4401039459988861,RandomForest Multisalida,0.42108418507277645,7
63,0.2395443154158835,0.2789313433634833,Regresión Individual,0.2592378293896834,8
64,0.5376422612071944,0.5894671365614041,XGBoost Multisalida,0.5635546988842992,1
64,0.5201487785076075,0.5524633053663777,Random Forest con RegressorChain,0.5363060419369926,2
64,0.4945984214751415,0.5308085312315394,RF Individual,0.5127034763533405,3
64,0.3898016099461643,0.4895472609270274,XGBoost Individual,0.43967443543659585,4
64,0.4102873484489739,0.4401282182095507,RandomForest Multisalida,0.42520778332926235,5
64,0.3786329144306731,0.4594108439434017,MLP Estandar,0.41902187918703737,6
64,0.3126670904717816,0.4579376190628881,MLP Perdida Custom,0.3853023547673349,7
64,0.2395443154158835,0.2789313433634833,Regresión Individual,0.2592378293896834,8
65,0.5303346716087367,0.5996883317685491,XGBoost Multisalida,0.5650115016886429,1
65,0.5169742460323393,0.5397817178806701,Random Forest con RegressorChain,0.5283779819565046,2
65,0.5041492143268325,0.5415985526289451,RF Individual,0.5228738834778888,3
65,0.4498193061456598,0.5588733594953322,MLP Estandar,0.504346332820496,4
65,0.3898016099461643,0.4895472609270274,XGBoost Individual,0.43967443543659585,5
65,0.4189679449560991,0.4518362080447331,RandomForest Multisalida,0.4354020765004161,6
65,0.3750078443963019,0.4948060845965809,MLP Perdida Custom,0.4349069644964414,7
65,0.2395443154158835,0.2789313433634833,Regresión Individual,0.2592378293896834,8
66,0.5596676401985401,0.5752610325472516,XGBoost Multisalida,0.5674643363728958,1
66,0.5206374499230952,0.5734932972819606,Random Forest con RegressorChain,0.5470653736025279,2
66,0.5195387481805778,0.5570592218214375,RF Individual,0.5382989850010076,3
66,0.4305327181683449,0.4733212924229095,RandomForest Multisalida,0.4519270052956272,4
66,0.3898016099461643,0.4895472609270274,XGBoost Individual,0.43967443543659585,5
66,0.3291563453259504,0.3961890199730591,MLP Perdida Custom,0.36267268264950475,6
66,0.256293599667407,0.3665130843358443,MLP Estandar,0.31140334200162567,7
66,0.2395443154158835,0.2789313433634833,Regresión Individual,0.2592378293896834,8
67,0.5190398422633644,0.5753650836576593,XGBoost Multisalida,0.5472024629605119,1
67,0.4911683470092894,0.5531562968768882,RF Individual,0.5221623219430888,2
67,0.4680536084675474,0.5684641281438336,Random Forest con RegressorChain,0.5182588683056906,3
67,0.4317114024619835,0.5390644835221367,MLP Estandar,0.48538794299206006,4
67,0.3898016099461643,0.4895472609270274,XGBoost Individual,0.43967443543659585,5
67,0.4170894225340985,0.4515793644664921,RandomForest Multisalida,0.4343343935002953,6
67,0.3653329347475839,0.4754094543041048,MLP Perdida Custom,0.42037119452584437,7
67,0.2395443154158835,0.2789313433634833,Regresión Individual,0.2592378293896834,8
68,0.54235616216938,0.5988332257911011,XGBoost Multisalida,0.5705946939802405,1
68,0.5041273769722387,0.5553090630536542,Random Forest con RegressorChain,0.5297182200129464,2
68,0.4949364384327206,0.5261559158571849,RF Individual,0.5105461771449528,3
68,0.3900435318386905,0.5000061489559984,MLP Estandar,0.44502484039734447,4
68,0.3898016099461643,0.4895472609270274,XGBoost Individual,0.43967443543659585,5
68,0.4224375594769506,0.4502899882215811,RandomForest Multisalida,0.43636377384926583,6
68,0.2888853832870497,0.3825599007435266,MLP Perdida Custom,0.3357226420152881,7
68,0.2395443154158835,0.2789313433634833,Regresión Individual,0.2592378293896834,8
69,0.5293084418027241,0.5866709828612748,XGBoost Multisalida,0.5579897123319995,1
69,0.5280203498747926,0.5651333347836494,Random Forest con RegressorChain,0.546576842329221,2
69,0.5075255911523608,0.552776153912065,RF Individual,0.5301508725322129,3
69,0.4084936738530658,0.4802996436180087,MLP Estandar,0.44439665873553724,4
69,0.3898016099461643,0.4895472609270274,XGBoost Individual,0.43967443543659585,5
69,0.4239323594364955,0.4471230396413406,RandomForest Multisalida,0.435527699538918,6
69,0.3607612268407019,0.4829958758600969,MLP Perdida Custom,0.4218785513503994,7
69,0.2395443154158835,0.2789313433634833,Regresión Individual,0.2592378293896834,8
70,0.5549055095073917,0.5621365228641588,XGBoost Multisalida,0.5585210161857752,1
70,0.5298256999711028,0.5713301417993464,Random Forest con RegressorChain,0.5505779208852246,2
70,0.5132113770196008,0.549376350960586,RF Individual,0.5312938639900935,3
70,0.4226820326559664,0.4629766762456747,RandomForest Multisalida,0.4428293544508205,4
70,0.3898016099461643,0.4895472609270274,XGBoost Individual,0.43967443543659585,5
70,0.3318321566246326,0.4430692728933921,MLP Estandar,0.3874507147590124,6
70,0.3200315608044243,0.4148414555654399,MLP Perdida Custom,0.3674365081849321,7
70,0.2395443154158835,0.2789313433634833,Regresión Individual,0.2592378293896834,8
71,0.5239585720062643,0.5857506269556501,XGBoost Multisalida,0.5548545994809572,1
71,0.5064695111181058,0.5500886120182852,RF Individual,0.5282790615681955,2
71,0.4882728898403438,0.5438428693701471,Random Forest con RegressorChain,0.5160578796052455,3
71,0.3942484581945881,0.4975256840685139,MLP Perdida Custom,0.445887071131551,4
71,0.3898016099461643,0.4895472609270274,XGBoost Individual,0.43967443543659585,5
71,0.4192056159202686,0.447587485626661,RandomForest Multisalida,0.43339655077346484,6
71,0.3244932547785332,0.4268537790783611,MLP Estandar,0.37567351692844714,7
71,0.2395443154158835,0.2789313433634833,Regresión Individual,0.2592378293896834,8
72,0.542085856648266,0.5702825113431438,XGBoost Multisalida,0.5561841839957049,1
72,0.5155272881385908,0.5587718411752159,Random Forest con RegressorChain,0.5371495646569033,2
72,0.5103695669221595,0.5545769609086766,RF Individual,0.532473263915418,3
72,0.4434140694225388,0.5194092847791226,MLP Estandar,0.4814116771008307,4
72,0.4176798642871786,0.5180041139238538,MLP Perdida Custom,0.4678419891055162,5
72,0.3898016099461643,0.4895472609270274,XGBoost Individual,0.43967443543659585,6
72,0.410517901940325,0.4471645542821928,RandomForest Multisalida,0.4288412281112589,7
72,0.2395443154158835,0.2789313433634833,Regresión Individual,0.2592378293896834,8
73,0.5347329609396437,0.5804378486685275,XGBoost Multisalida,0.5575854048040856,1
73,0.5071326438091838,0.5499835270981335,Random Forest con RegressorChain,0.5285580854536587,2
73,0.5004429825747859,0.538451148124133,RF Individual,0.5194470653494594,3
73,0.409334164730606,0.5017560716647367,MLP Perdida Custom,0.45554511819767135,4
73,0.4060876772109283,0.494441157454781,MLP Estandar,0.45026441733285466,5
73,0.3898016099461643,0.4895472609270274,XGBoost Individual,0.43967443543659585,6
73,0.4070888273838017,0.4380313134570519,RandomForest Multisalida,0.42256007042042676,7
73,0.2395443154158835,0.2789313433634833,Regresión Individual,0.2592378293896834,8
74,0.5420839316276571,0.5813921607613979,XGBoost Multisalida,0.5617380461945275,1
74,0.5093718182905426,0.5486905247477558,RF Individual,0.5290311715191491,2
74,0.5057591420510188,0.5483052583169625,Random Forest con RegressorChain,0.5270322001839907,3
74,0.4001700212609591,0.4857636634219235,MLP Estandar,0.4429668423414413,4
74,0.3898016099461643,0.4895472609270274,XGBoost Individual,0.43967443543659585,5
74,0.4124980128745178,0.4547858642494031,RandomForest Multisalida,0.4336419385619604,6
74,0.2679672243498429,0.3298329611781868,MLP Perdida Custom,0.29890009276401486,7
74,0.2395443154158835,0.2789313433634833,Regresión Individual,0.2592378293896834,8
75,0.5236098242470062,0.5782188212257803,XGBoost Multisalida,0.5509143227363933,1
75,0.4940830334164701,0.5666811424168023,Random Forest con RegressorChain,0.5303820879166362,2
75,0.4911681979707536,0.5264606894423169,RF Individual,0.5088144437065353,3
75,0.3898016099461643,0.4895472609270274,XGBoost Individual,0.43967443543659585,4
75,0.4047881653519855,0.4410041788069097,RandomForest Multisalida,0.4228961720794476,5
75,0.307816176733465,0.4007572892295947,MLP Estandar,0.35428673298152985,6
75,0.2481899432517088,0.4119271727687933,MLP Perdida Custom,0.3300585580102511,7
75,0.2395443154158835,0.2789313433634833,Regresión Individual,0.2592378293896834,8
76,0.5386388808409213,0.6028434662731096,XGBoost Multisalida,0.5707411735570154,1
76,0.5132822403482691,0.5434287656311143,RF Individual,0.5283555029896917,2
76,0.4430973460674943,0.569028203981151,Random Forest con RegressorChain,0.5060627750243226,3
76,0.4056000464949333,0.4977821802401568,MLP Estandar,0.4516911133675451,4
76,0.3898016099461643,0.4895472609270274,XGBoost Individual,0.43967443543659585,5
76,0.4196431269498299,0.4574029203262159,RandomForest Multisalida,0.43852302363802287,6
76,0.3756558705227913,0.4648994251897075,MLP Perdida Custom,0.42027764785624944,7
76,0.2395443154158835,0.2789313433634833,Regresión Individual,0.2592378293896834,8
77,0.5379077351218826,0.5624267686529395,XGBoost Multisalida,0.550167251887411,1
77,0.5126939858629906,0.5594253485615439,Random Forest con RegressorChain,0.5360596672122673,2
77,0.4932677854077018,0.5540114135270966,RF Individual,0.5236395994673992,3
77,0.3898016099461643,0.4895472609270274,XGBoost Individual,0.43967443543659585,4
77,0.4210277990917138,0.4496071529681208,RandomForest Multisalida,0.4353174760299173,5
77,0.3502159432059057,0.4663588346002234,MLP Perdida Custom,0.4082873889030646,6
77,0.3094261445709633,0.4379488854638754,MLP Estandar,0.37368751501741937,7
77,0.2395443154158835,0.2789313433634833,Regresión Individual,0.2592378293896834,8
78,0.5404675224221448,0.5854031046390921,XGBoost Multisalida,0.5629353135306184,1
78,0.5193503138694022,0.5599391697028799,Random Forest con RegressorChain,0.5396447417861411,2
78,0.50503432962898,0.5374220710711377,RF Individual,0.5212282003500588,3
78,0.3959909440352861,0.5005828874261173,MLP Estandar,0.44828691573070173,4
78,0.3898016099461643,0.4895472609270274,XGBoost Individual,0.43967443543659585,5
78,0.3953092517000171,0.443405206744243,RandomForest Multisalida,0.41935722922213003,6
78,0.3752788207904177,0.4590621449412738,MLP Perdida Custom,0.41717048286584574,7
78,0.2395443154158835,0.2789313433634833,Regresión Individual,0.2592378293896834,8
79,0.5273360375259428,0.6010273344620953,XGBoost Multisalida,0.5641816859940191,1
79,0.5145659582538564,0.561845070987947,Random Forest con RegressorChain,0.5382055146209017,2
79,0.4926093401964228,0.5508046109981841,RF Individual,0.5217069755973034,3
79,0.4067314106987485,0.5224319887149163,MLP Estandar,0.4645816997068324,4
79,0.3985866415223895,0.4969078477326889,MLP Perdida Custom,0.44774724462753923,5
79,0.3898016099461643,0.4895472609270274,XGBoost Individual,0.43967443543659585,6
79,0.399160381232932,0.436097312198053,RandomForest Multisalida,0.4176288467154925,7
79,0.2395443154158835,0.2789313433634833,Regresión Individual,0.2592378293896834,8
80,0.5281167089784944,0.5870844974245366,XGBoost Multisalida,0.5576006032015155,1
80,0.5090410976287557,0.5558206687608886,RF Individual,0.5324308831948221,2
80,0.4508362161906402,0.5710689725555114,Random Forest con RegressorChain,0.5109525943730757,3
80,0.4166069504893207,0.4949193370772282,MLP Perdida Custom,0.4557631437832744,4
80,0.3898016099461643,0.4895472609270274,XGBoost Individual,0.43967443543659585,5
80,0.41916727768696,0.4484096205707064,RandomForest Multisalida,0.4337884491288332,6
80,0.3361370152269127,0.3947874515789265,MLP Estandar,0.3654622334029196,7
80,0.2395443154158835,0.2789313433634833,Regresión Individual,0.2592378293896834,8
81,0.5209984108547787,0.5747138626153192,XGBoost Multisalida,0.547856136735049,1
81,0.5147544793519545,0.5400656185107436,Random Forest con RegressorChain,0.5274100489313491,2
81,0.494479255654909,0.5318681743047435,RF Individual,0.5131737149798263,3
81,0.4112321973836642,0.5052678913408897,MLP Estandar,0.4582500443622769,4
81,0.4005348922145457,0.4983527478696453,MLP Perdida Custom,0.4494438200420955,5
81,0.3898016099461643,0.4895472609270274,XGBoost Individual,0.43967443543659585,6
81,0.4105994127327763,0.4511113398043563,RandomForest Multisalida,0.4308553762685663,7
81,0.2395443154158835,0.2789313433634833,Regresión Individual,0.2592378293896834,8
82,0.5439623370157822,0.593600436133025,XGBoost Multisalida,0.5687813865744036,1
82,0.5162208619848929,0.5555693224011344,RF Individual,0.5358950921930137,2
82,0.4443349359776064,0.5582284453049828,Random Forest con RegressorChain,0.5012816906412947,3
82,0.3898016099461643,0.4895472609270274,XGBoost Individual,0.43967443543659585,4
82,0.3838006693183755,0.4803775831708692,MLP Estandar,0.43208912624462237,5
82,0.411390695715362,0.4460149904103927,RandomForest Multisalida,0.42870284306287737,6
82,0.2991236624053206,0.4527207840625179,MLP Perdida Custom,0.3759222232339193,7
82,0.2395443154158835,0.2789313433634833,Regresión Individual,0.2592378293896834,8
83,0.5526877493746551,0.5759708268395551,XGBoost Multisalida,0.5643292881071051,1
83,0.5128035374137221,0.558519227501918,Random Forest con RegressorChain,0.53566138245782,2
83,0.5096303347866407,0.5598795991456904,RF Individual,0.5347549669661655,3
83,0.4532030691709572,0.5540322385376257,MLP Estandar,0.5036176538542915,4
83,0.3898016099461643,0.4895472609270274,XGBoost Individual,0.43967443543659585,5
83,0.4226749542320862,0.456217124782782,RandomForest Multisalida,0.4394460395074341,6
83,0.3573603211526835,0.4781606105489863,MLP Perdida Custom,0.41776046585083493,7
83,0.2395443154158835,0.2789313433634833,Regresión Individual,0.2592378293896834,8
84,0.5361803096679378,0.5888599717475009,XGBoost Multisalida,0.5625201407077194,1
84,0.5093377211995681,0.5474540429065722,RF Individual,0.5283958820530701,2
84,0.487374203045486,0.5598161982202076,Random Forest con RegressorChain,0.5235952006328468,3
84,0.4153792594075334,0.515596893758746,MLP Estandar,0.4654880765831397,4
84,0.3898016099461643,0.4895472609270274,XGBoost Individual,0.43967443543659585,5
84,0.4115898181902955,0.4500538166476905,RandomForest Multisalida,0.430821817418993,6
84,0.3269992885491127,0.4354550858448229,MLP Perdida Custom,0.3812271871969678,7
84,0.2395443154158835,0.2789313433634833,Regresión Individual,0.2592378293896834,8
85,0.5402546651037683,0.6075409790904833,XGBoost Multisalida,0.5738978220971258,1
85,0.4944257280370425,0.5407240587161377,Random Forest con RegressorChain,0.5175748933765901,2
85,0.4912347153835527,0.5406790281436031,RF Individual,0.5159568717635779,3
85,0.4299203458060218,0.4910801792251403,MLP Estandar,0.46050026251558107,4
85,0.3898016099461643,0.4895472609270274,XGBoost Individual,0.43967443543659585,5
85,0.3676233408239273,0.4970567363180617,MLP Perdida Custom,0.43234003857099446,6
85,0.3971614114800711,0.4365441390243493,RandomForest Multisalida,0.4168527752522102,7
85,0.2395443154158835,0.2789313433634833,Regresión Individual,0.2592378293896834,8
86,0.5237886652965615,0.5761033549172643,XGBoost Multisalida,0.5499460101069129,1
86,0.5115721943454927,0.5616834928990668,Random Forest con RegressorChain,0.5366278436222798,2
86,0.509092214129806,0.5329685910597566,RF Individual,0.5210304025947813,3
86,0.4295818122603136,0.4645277262765684,RandomForest Multisalida,0.447054769268441,4
86,0.3898016099461643,0.4895472609270274,XGBoost Individual,0.43967443543659585,5
86,0.3546939753016841,0.4582295892366327,MLP Perdida Custom,0.4064617822691584,6
86,0.3491978685480653,0.4359718019699842,MLP Estandar,0.39258483525902477,7
86,0.2395443154158835,0.2789313433634833,Regresión Individual,0.2592378293896834,8
87,0.5168983600703377,0.5761812393613632,XGBoost Multisalida,0.5465397997158505,1
87,0.5109421410905124,0.5436365608706015,Random Forest con RegressorChain,0.527289350980557,2
87,0.4869369198235733,0.5417398420156283,RF Individual,0.5143383809196008,3
87,0.4028945781515073,0.4887033465915852,MLP Estandar,0.44579896237154626,4
87,0.3898016099461643,0.4895472609270274,XGBoost Individual,0.43967443543659585,5
87,0.4151175370339748,0.4524650749917288,RandomForest Multisalida,0.43379130601285176,6
87,0.36922585000093,0.4388937565709936,MLP Perdida Custom,0.4040598032859618,7
87,0.2395443154158835,0.2789313433634833,Regresión Individual,0.2592378293896834,8
88,0.5419773194679645,0.5744982955955245,XGBoost Multisalida,0.5582378075317445,1
88,0.5181641126264139,0.5834332111159528,Random Forest con RegressorChain,0.5507986618711833,2
88,0.5028165932285136,0.5464745412836527,RF Individual,0.5246455672560831,3
88,0.3898016099461643,0.4895472609270274,XGBoost Individual,0.43967443543659585,4
88,0.4148105629995122,0.4476956382342336,RandomForest Multisalida,0.4312531006168729,5
88,0.3501943705380769,0.4549035431460561,MLP Perdida Custom,0.4025489568420665,6
88,0.3169842928701133,0.4394364844682192,MLP Estandar,0.37821038866916623,7
88,0.2395443154158835,0.2789313433634833,Regresión Individual,0.2592378293896834,8
89,0.5344217007273311,0.5766211207672945,XGBoost Multisalida,0.5555214107473128,1
89,0.5050645401965081,0.5670842002698269,RF Individual,0.5360743702331675,2
89,0.4699111774417321,0.5612140226265662,Random Forest con RegressorChain,0.5155626000341491,3
89,0.4038160534213075,0.5130965081048542,MLP Estandar,0.45845628076308087,4
89,0.4216069750312259,0.4580185110937009,RandomForest Multisalida,0.43981274306246343,5
89,0.3898016099461643,0.4895472609270274,XGBoost Individual,0.43967443543659585,6
89,0.2933040465491262,0.4146265573322913,MLP Perdida Custom,0.35396530194070874,7
89,0.2395443154158835,0.2789313433634833,Regresión Individual,0.2592378293896834,8
90,0.5327782291285319,0.5924231288971706,XGBoost Multisalida,0.5626006790128513,1
90,0.5093958115959221,0.5738161271114663,RF Individual,0.5416059693536942,2
90,0.4947286018249834,0.5616078603874408,Random Forest con RegressorChain,0.5281682311062121,3
90,0.3898016099461643,0.4895472609270274,XGBoost Individual,0.43967443543659585,4
90,0.4100683084906488,0.4506046107765051,RandomForest Multisalida,0.4303364596335769,5
90,0.3869983655204699,0.4628501161060987,MLP Perdida Custom,0.4249242408132843,6
90,0.3810593275970404,0.4501855481282903,MLP Estandar,0.4156224378626654,7
90,0.2395443154158835,0.2789313433634833,Regresión Individual,0.2592378293896834,8
91,0.5222508245250684,0.6010742039926413,XGBoost Multisalida,0.5616625142588549,1
91,0.499352517333707,0.5551747752055589,RF Individual,0.527263646269633,2
91,0.4680107634704001,0.5572639940766225,Random Forest con RegressorChain,0.5126373787735113,3
91,0.4316711681849474,0.4986136516537485,MLP Estandar,0.46514240991934797,4
91,0.3898016099461643,0.4895472609270274,XGBoost Individual,0.43967443543659585,5
91,0.3801635235518141,0.4177794939536009,RandomForest Multisalida,0.3989715087527075,6
91,0.3369842488151195,0.4431112931852905,MLP Perdida Custom,0.39004777100020505,7
91,0.2395443154158835,0.2789313433634833,Regresión Individual,0.2592378293896834,8
92,0.5480715749352258,0.5861573366682771,XGBoost Multisalida,0.5671144558017515,1
92,0.5157067554810439,0.5525609863967679,RF Individual,0.5341338709389059,2
92,0.4987349444544875,0.5528101851089989,Random Forest con RegressorChain,0.5257725647817433,3
92,0.4472346883697652,0.5470874975255954,MLP Estandar,0.4971610929476803,4
92,0.3898016099461643,0.4895472609270274,XGBoost Individual,0.43967443543659585,5
92,0.4126082096594652,0.453943348340022,RandomForest Multisalida,0.43327577899974357,6
92,0.3654663559935273,0.4744878805025564,MLP Perdida Custom,0.41997711824804185,7
92,0.2395443154158835,0.2789313433634833,Regresión Individual,0.2592378293896834,8
93,0.5284756558955989,0.5861106588297174,XGBoost Multisalida,0.557293157362658,1
93,0.5026132810577837,0.5652221444159486,Random Forest con RegressorChain,0.5339177127368662,2
93,0.4946025929050814,0.5564332825858997,RF Individual,0.5255179377454906,3
93,0.4092670142749512,0.4967958384886094,MLP Perdida Custom,0.4530314263817803,4
93,0.3898016099461643,0.4895472609270274,XGBoost Individual,0.43967443543659585,5
93,0.4079804812018093,0.4457753008658519,RandomForest Multisalida,0.42687789103383056,6
93,0.3638489354281312,0.4650500330897708,MLP Estandar,0.414449484258951,7
93,0.2395443154158835,0.2789313433634833,Regresión Individual,0.2592378293896834,8
94,0.519075642467735,0.5928133358550989,XGBoost Multisalida,0.5559444891614169,1
94,0.5205130548633726,0.5406944310373275,RF Individual,0.5306037429503501,2
94,0.4714956631381207,0.5673846557181019,Random Forest con RegressorChain,0.5194401594281113,3
94,0.3981731151406332,0.4822330719853308,MLP Estandar,0.440203093562982,4
94,0.3898016099461643,0.4895472609270274,XGBoost Individual,0.43967443543659585,5
94,0.4053793713767538,0.4347366074450032,RandomForest Multisalida,0.42005798941087846,6
94,0.2603435618771332,0.3918525147464897,MLP Perdida Custom,0.32609803831181144,7
94,0.2395443154158835,0.2789313433634833,Regresión Individual,0.2592378293896834,8
95,0.5312328025153428,0.5912110428600318,XGBoost Multisalida,0.5612219226876873,1
95,0.5024016641136859,0.5920063263199431,Random Forest con RegressorChain,0.5472039952168145,2
95,0.4980783983552198,0.5421532664354056,RF Individual,0.5201158323953127,3
95,0.3898016099461643,0.4895472609270274,XGBoost Individual,0.43967443543659585,4
95,0.4165518666520914,0.4568662398242303,RandomForest Multisalida,0.43670905323816084,5
95,0.3622015319097735,0.4777301425954139,MLP Estandar,0.41996583725259373,6
95,0.3610830893824285,0.4756200276747276,MLP Perdida Custom,0.4183515585285781,7
95,0.2395443154158835,0.2789313433634833,Regresión Individual,0.2592378293896834,8
96,0.5444163255566787,0.5896596501881762,XGBoost Multisalida,0.5670379878724274,1
96,0.5027479457734967,0.567355183490672,Random Forest con RegressorChain,0.5350515646320844,2
96,0.4992915192778826,0.5554490952491387,RF Individual,0.5273703072635106,3
96,0.4103105843859462,0.5107728431366376,MLP Estandar,0.46054171376129194,4
96,0.3898016099461643,0.4895472609270274,XGBoost Individual,0.43967443543659585,5
96,0.4123501903323467,0.4572758166632059,RandomForest Multisalida,0.4348130034977763,6
96,0.3310261139459982,0.464167343961729,MLP Perdida Custom,0.39759672895386355,7
96,0.2395443154158835,0.2789313433634833,Regresión Individual,0.2592378293896834,8
97,0.5287065627157996,0.6002823749795653,XGBoost Multisalida,0.5644944688476825,1
97,0.5102950823311974,0.5696764698679171,Random Forest con RegressorChain,0.5399857760995572,2
97,0.4907316240908894,0.5353945911904316,RF Individual,0.5130631076406605,3
97,0.4463694821886894,0.5153576176905623,MLP Estandar,0.4808635499396259,4
97,0.3898016099461643,0.4895472609270274,XGBoost Individual,0.43967443543659585,5
97,0.413947973266668,0.4489476506816509,RandomForest Multisalida,0.43144781197415943,6
97,0.3504740647292843,0.4430410768374939,MLP Perdida Custom,0.3967575707833891,7
97,0.2395443154158835,0.2789313433634833,Regresión Individual,0.2592378293896834,8
98,0.539442061011796,0.585617602373006,XGBoost Multisalida,0.562529831692401,1
98,0.5198124925638395,0.5528143484623729,RF Individual,0.5363134205131062,2
98,0.4580911965764863,0.5665020282961737,Random Forest con RegressorChain,0.51229661243633,3
98,0.4235961179549613,0.4662005129917655,RandomForest Multisalida,0.44489831547336345,4
98,0.3898016099461643,0.4895472609270274,XGBoost Individual,0.43967443543659585,5
98,0.3468815107281718,0.4162925441399936,MLP Estandar,0.3815870274340827,6
98,0.3429766004837012,0.4178602949180297,MLP Perdida Custom,0.3804184477008654,7
98,0.2395443154158835,0.2789313433634833,Regresión Individual,0.2592378293896834,8
99,0.5403429363145686,0.561749806218669,XGBoost Multisalida,0.5510463712666188,1
99,0.4744716023741925,0.562023940579941,Random Forest con RegressorChain,0.5182477714770668,2
99,0.4951630107145393,0.5380894365609419,RF Individual,0.5166262236377406,3
99,0.417243068164257,0.5034609230565297,MLP Perdida Custom,0.4603519956103933,4
99,0.4034048486237884,0.50786308211054,MLP Estandar,0.45563396536716416,5
99,0.3898016099461643,0.4895472609270274,XGBoost Individual,0.43967443543659585,6
99,0.4121070572529549,0.4419912739859846,RandomForest Multisalida,0.4270491656194697,7
99,0.2395443154158835,0.2789313433634833,Regresión Individual,0.2592378293896834,8
100,0.5315474949492036,0.578151461819746,XGBoost Multisalida,0.5548494783844748,1
100,0.4856050026826248,0.5747714978673024,Random Forest con RegressorChain,0.5301882502749636,2
100,0.4976700532860312,0.5417401899400728,RF Individual,0.5197051216130519,3
100,0.3783478175405421,0.5126628170188465,MLP Estandar,0.44550531727969434,4
100,0.3898016099461643,0.4895472609270274,XGBoost Individual,0.43967443543659585,5
100,0.4057516615143444,0.4459538163244617,RandomForest Multisalida,0.425852738919403,6
100,0.3545944557490295,0.4655318684004595,MLP Perdida Custom,0.41006316207474447,7
100,0.2395443154158835,0.2789313433634833,Regresión Individual,0.2592378293896834,8
