SITE_ID,gee_temp_media_C,gee_humedad_rel_pct,gee_ndvi_verano,cds_precip_mm_mes,dem_elevacion_m,dem_pendiente_deg,dem_orientacion_deg
BE_001,11.639553580029883,75.7536237866662,0.7139194011688232,,13.31,0.4745,93.204
BE_003,11.639553580029883,75.7536237866662,0.6497213840484619,,12.83,3.4032,230.9894
BE_004,11.534255241893959,76.04452171528544,0.5844539999961853,,18.62,0.8309,37.6243
BE_005,11.534255241893959,76.04452171528544,0.6528892517089844,,19.0,0.9413,92.0397
BE_006,11.534255241893959,76.04452171528544,0.6586180329322815,,20.72,3.4177,202.6008
BE_007,11.480976239785548,76.25858296790314,0.6414841413497925,,26.11,0.6463,267.4457
BE_008,11.480976239785548,76.25858296790314,0.7500886917114258,,22.71,5.2027,125.0182
BE_009,11.480976239785548,76.25858296790314,0.7687848806381226,,21.32,7.6774,1.1722
BE_010,11.5303843891283,75.73231894925202,0.6054549813270569,,60.66,1.1574,204.1397
BE_011,11.376178217216875,76.33187775856028,0.7084680199623108,,85.82,2.8861,268.3865
BE_012,11.574191344131236,75.87102056760848,0.4358662962913513,,43.23,0.407,13.5626
BE_013,11.545118812562407,76.74133957497556,0.6727725267410278,,45.64,2.3926,53.7384
BE_014,11.502289905777786,76.95486957333146,0.4112802743911743,,104.05,5.9403,165.6291
BE_015,11.545118812562407,76.74133957497556,0.612372100353241,,90.96,5.954,22.0214
BE_016,11.603933785986044,76.35270492740777,0.6157596707344055,,17.97,0.428,241.557
BE_017,11.657731155135025,75.54558597408158,0.5100037455558777,,65.73,5.0675,34.2231
BE_018,11.657731155135025,75.54558597408158,0.671621561050415,,42.25,3.1827,290.314
BE_019,11.544315559077234,76.11776155868209,0.817400336265564,,15.22,1.8486,261.6445
BE_020,11.544315559077234,76.11776155868209,0.6376485824584961,,11.05,0.3109,214.9489
BE_021,11.639553580029883,75.7536237866662,0.7554709315299988,,15.35,3.4858,323.2891
BE_022,11.509388295377619,75.38230566562052,0.6784706711769104,,42.54,5.5664,77.555
BE_023,11.453171768606865,75.263511803516,0.3053298890590668,,51.98,4.919,94.129
BE_024,11.509388295377619,75.38230566562052,0.7562353610992432,,36.68,0.2386,321.7804
BE_025,11.480976239785548,76.25858296790314,0.8371191620826721,,20.33,0.2659,244.7342
BE_026,11.480976239785548,76.25858296790314,0.837486743927002,,20.83,0.3185,340.1976
BE_027,11.480976239785548,76.25858296790314,0.7465137243270874,,26.19,8.1443,169.5736
BE_028,11.607935753373624,75.42808559865854,0.6469337940216064,,36.29,3.6025,50.8981
BE_029,11.603764302694174,75.30531897250033,0.7557553052902222,,38.7,9.01,354.2323
BE_030,11.603764302694174,75.30531897250033,0.7312875986099243,,32.78,2.4371,307.0006
BE_031,11.531862307196832,76.03830570572703,0.7584848999977112,,36.83,6.5874,352.1389
BE_032,11.531862307196832,76.03830570572703,0.7659885883331299,,37.07,4.199,101.0116
BE_033,11.531862307196832,76.03830570572703,0.7478613257408142,,33.69,7.8973,175.7143
BE_034,11.60836234017978,76.02579070261645,0.6040052175521851,,21.67,13.479,318.4925
BE_035,11.60836234017978,76.02579070261645,0.7445129156112671,,18.84,3.4953,333.7536
BE_036,11.60836234017978,76.02579070261645,0.7258402109146118,,19.1,7.3132,6.7079
CH_001,10.308694970174201,74.94567130676968,0.8575787544250488,,630.96,14.2713,179.6642
CH_002,10.749158532046295,77.40630927909935,0.7574008107185364,,571.43,12.3048,343.6709
CH_003,10.49991643398721,76.18864813564022,0.8351689577102661,,454.42,9.0227,119.7789
CH_004,10.062623765946,76.40818684730642,0.8414415717124939,,715.27,37.6115,183.9201
CH_005,10.274709614599658,75.89417906566412,0.8590583801269531,,535.58,33.3561,179.771
CH_006,10.749158532046295,77.40630927909935,0.8867148160934448,,571.29,9.5001,164.1459
CH_007,10.062623765946,76.40818684730642,0.826167643070221,,604.2,12.3166,156.0133
CH_008,10.274709614599658,75.89417906566412,0.8631511330604553,,452.35,29.0662,201.6098
CH_009,10.42626411400829,75.08229274551536,0.8748073577880859,,510.02,12.9728,267.3481
CH_010,10.217702351518824,75.3868533719408,0.2904823124408722,,491.7,19.584,343.7322
CH_011,9.529290566327347,77.43419707207103,0.8509314656257629,,599.07,18.9492,174.9984
CH_012,10.062623765946,76.40818684730642,0.6860451698303223,,727.36,4.792,164.0946
CH_013,10.338252254412623,75.94111416114475,0.7525893449783325,,393.43,3.9373,343.4609
CH_014,9.757522382028924,76.81279471058252,0.7912213802337646,,640.59,8.692,174.504
CH_015,10.308694970174201,74.94567130676968,0.8053749203681946,,595.85,17.1338,108.4804
CH_016,9.341577328638834,76.42114468267978,0.7930472493171692,,925.54,9.5778,156.5205
CH_017,9.341577328638834,76.42114468267978,0.7873833179473877,,702.48,5.5806,142.5735
CH_018,10.084606005078854,75.79394215319432,0.8507533669471741,,566.34,41.7687,163.0133
CH_019,10.156231619867356,75.3137656830108,0.8769227862358093,,529.44,34.7351,27.4179
CH_020,10.094063863576139,76.20703287521243,0.5610053539276123,,633.29,2.9445,26.3958
CH_021,10.154529878368692,76.63498462058152,0.7382890582084656,,526.86,4.0051,328.2754
CH_022,10.338252254412623,75.94111416114475,0.2596167325973511,,392.85,2.1704,33.3603
CH_023,9.76991917662292,76.14374512027184,0.48530253767967224,,472.71,5.4058,132.4052
CH_024,9.530379634829671,77.18334814438677,0.7977908849716187,,608.59,16.0116,188.7976
CH_025,10.42373772468369,75.59417675955982,0.7084753513336182,,414.93,0.0918,286.8371
CH_026,9.530379634829671,77.18334814438677,0.1448364555835724,,506.5,3.7673,163.815
CH_027,9.841884835140263,77.51728230501026,0.6582945585250854,,646.86,13.5844,356.1208
CH_028,10.42917571289098,76.00732330022272,0.6763916611671448,,467.81,4.4151,324.8552
CH_029,10.368208008242277,75.12132504901845,0.7477123737335205,,421.17,2.6045,85.1558
CH_030,10.49991643398721,76.18864813564022,0.6617132425308228,,438.77,9.7748,59.6867
CH_031,9.76991917662292,76.14374512027184,0.7759315967559814,,520.9,27.4773,256.0074
CH_032,8.853262352838101,77.69915586535528,0.8276010155677795,,677.0,7.1079,188.8749
CH_033,8.853262352838101,77.69915586535528,0.7292190194129944,,665.58,10.642,81.84
CH_034,9.529290566327347,77.43419707207103,0.8448228240013123,,546.05,0.3013,270.5553
CH_035,9.608366425904705,78.31963519938023,0.8026564717292786,,500.39,2.0243,68.1239
CH_036,9.982151962795342,75.63122898563942,0.3208451271057129,,427.87,5.4231,54.5565
CH_037,10.084606005078854,75.79394215319432,0.4328310191631317,,420.1,0.6813,130.6767
CH_038,9.982151962795342,75.63122898563942,0.6453425884246826,,452.02,5.8951,256.7238
CH_039,9.76991917662292,76.14374512027184,0.7514178156852722,,541.99,2.7325,34.2265
CH_040,9.841884835140263,77.51728230501026,0.7336665391921997,,563.63,8.9821,139.2266
CH_041,9.841884835140263,77.51728230501026,0.6477171182632446,,500.29,11.062,155.3213
CH_042,9.43117652944187,75.48790201049624,0.46701550483703613,,551.56,2.6805,342.3568
CH_043,1.1631318146751823,76.9843476127627,0.6861947178840637,,618.46,12.2601,264.5076
CH_044,1.1631318146751823,76.9843476127627,0.22838933765888214,,617.07,6.6724,239.3611
CH_045,3.390096832849224,74.42617100590944,0.32532820105552673,,483.42,9.8202,37.993
CH_046,3.390096832849224,74.42617100590944,0.564670979976654,,478.33,0.6587,79.4288
CH_047,3.390096832849224,74.42617100590944,0.5217731595039368,,483.3,4.6187,161.3213
CH_049,2.7997537701418764,77.56897532987657,0.770270586013794,,698.6,47.1408,181.5243
CH_050,0.7452122790869566,78.1112501567708,0.7807862162590027,,634.29,1.3613,19.1386
CH_051,0.7452122790869566,78.1112501567708,0.7026898860931396,,634.82,0.5833,263.0605
DE_001,9.84788230763644,75.93020329359655,0.6513836979866028,,323.52,3.6045,121.8653
DE_002,10.001320771867654,75.58114413077323,0.6384934186935425,,320.36,4.585,56.4923
DE_003,10.001320771867654,75.58114413077323,0.41436320543289185,,315.19,5.1529,33.9416
DE_004,10.001320771867654,75.58114413077323,0.5284780263900757,,242.34,7.5575,180.1752
DE_005,9.637436691753294,76.16038050273889,0.6774062514305115,,300.94,9.7903,307.9938
DE_006,9.637436691753294,76.16038050273889,0.8141530156135559,,289.86,12.1603,169.9535
DE_007,9.893579430335706,75.93531808637591,0.7522562742233276,,471.61,1.6831,127.4152
DE_008,9.893579430335706,75.93531808637591,0.6130749583244324,,435.34,3.5815,43.2256
DE_009,9.473412820423789,75.85553684804748,0.8023926019668579,,287.71,10.534,242.5639
DE_010,9.254131824778597,76.1444738137567,0.8972349166870117,,320.98,5.6806,115.3629
DE_011,9.294033384068996,76.20049523122188,0.8956974148750305,,496.76,4.6252,10.15
DE_012,9.294033384068996,76.20049523122188,0.8820035457611084,,495.22,11.6746,26.674
DE_013,9.637436691753294,76.16038050273889,0.8932728171348572,,440.15,4.9421,147.458
DE_014,9.84788230763644,75.93020329359655,0.8849315047264099,,424.95,7.0446,150.7267
DE_015,9.84788230763644,75.93020329359655,0.8842868804931641,,398.34,2.2894,269.4098
DE_016,9.254131824778597,76.1444738137567,0.8064455389976501,,423.2,5.8471,316.5862
DE_017,9.254131824778597,76.1444738137567,0.8646460175514221,,439.45,2.2005,213.1298
DE_018,9.637436691753294,76.16038050273889,0.7571263313293457,,415.83,4.4264,118.3441
DE_019,9.84788230763644,75.93020329359655,0.5595049858093262,,253.68,1.8925,80.6276
DE_020,9.254131824778597,76.1444738137567,0.6246248483657837,,276.55,1.1172,209.124
DE_022,9.473412820423789,75.85553684804748,0.7071982026100159,,274.78,3.0986,157.3645
DE_023,9.473412820423789,75.85553684804748,0.7055157423019409,,275.77,2.7011,151.3253
DE_024,9.473412820423789,75.85553684804748,0.5516865849494934,,273.89,3.0386,170.2326
ES_001,12.443212220252974,81.83866155504883,0.7914798855781555,,455.98,4.8222,158.7599
ES_002,12.443212220252974,81.83866155504883,0.7582013607025146,,459.83,5.6986,253.19
ES_003,12.443212220252974,81.83866155504883,0.7837576270103455,,458.53,5.8487,19.1582
ES_004,12.443212220252974,81.83866155504883,0.5314038395881653,,493.72,4.6191,169.4014
ES_005,12.443212220252974,81.83866155504883,0.6065157055854797,,490.2,5.3444,182.1294
ES_006,12.443212220252974,81.83866155504883,0.7309721112251282,,491.57,4.9506,31.1263
ES_007,12.443212220252974,81.83866155504883,0.6981778740882874,,461.99,4.8507,290.9921
ES_008,12.443212220252974,81.83866155504883,0.8436029553413391,,458.92,5.7433,333.5943
ES_009,12.04239482273141,82.15200449525784,0.45208561420440674,,521.18,1.3311,61.5072
ES_010,12.443212220252974,81.83866155504883,0.6587880253791809,,522.3,3.0635,338.3284
ES_011,12.443212220252974,81.83866155504883,0.5269066691398621,,491.29,9.7873,278.792
ES_012,12.443212220252974,81.83866155504883,0.5804396867752075,,506.09,3.7313,10.7273
ES_013,12.068435857968836,82.22723261787978,0.622703492641449,,467.78,1.2958,154.7644
ES_014,12.068435857968836,82.22723261787978,0.8076464533805847,,470.31,5.0932,270.5525
ES_015,12.443212220252974,81.83866155504883,0.8756126761436462,,473.71,10.7456,44.2979
ES_016,12.443212220252974,81.83866155504883,0.8651894330978394,,466.5,1.004,239.3153
ES_017,12.443212220252974,81.83866155504883,0.473303884267807,,475.33,1.6508,131.8956
ES_018,12.04239482273141,82.15200449525784,0.7209218740463257,,509.95,7.2237,109.8399
ES_019,12.443212220252974,81.83866155504883,0.7760822176933289,,461.99,10.1536,161.1277
ES_020,12.443212220252974,81.83866155504883,0.654515266418457,,495.79,4.7479,267.2662
ES_021,12.04239482273141,82.15200449525784,0.8233250379562378,,505.94,13.3893,184.3605
ES_022,12.443212220252974,81.83866155504883,0.8975086808204651,,533.46,5.3491,138.5882
ES_023,12.443212220252974,81.83866155504883,0.8914414048194885,,434.2,3.2231,318.548
ES_024,12.443212220252974,81.83866155504883,0.8760364651679993,,490.48,3.5808,229.8219
ES_025,12.443212220252974,81.83866155504883,0.8436453342437744,,460.74,10.9352,36.127
ES_026,12.443212220252974,81.83866155504883,0.8795830011367798,,462.15,6.9282,278.3131
ES_027,12.443212220252974,81.83866155504883,0.8805373907089233,,511.97,3.4113,193.0153
ES_028,14.23210653696475,80.08596480123067,0.29409509897232056,,397.45,5.6262,301.3413
ES_029,12.93097280034823,78.4034422158215,0.4236181080341339,,131.52,6.3264,178.9954
ES_030,14.33413261815167,79.10883585325212,0.3117944300174713,,5.64,2.9681,44.0242
ES_031,11.91555190087115,82.6208704333243,0.6628183722496033,,602.81,10.0683,155.9046
ES_032,11.91555190087115,82.6208704333243,0.5612671375274658,,617.61,7.6446,345.8637
ES_033,11.91555190087115,82.6208704333243,0.7386185526847839,,597.9,4.4177,236.4161
ES_X01,18.413603604454693,52.335539483558115,0.2563154697418213,,270.15,1.1863,96.2186
ES_X02,18.413603604454693,52.335539483558115,0.34889477491378784,,277.22,4.2394,16.1988
ES_X03,18.413603604454693,52.335539483558115,0.3932425379753113,,332.58,5.5597,7.3553
FR_001,12.222541001048285,72.79809538452452,0.7082293629646301,,211.3,6.3494,61.0464
FR_002,12.222541001048285,72.79809538452452,0.69162517786026,,210.99,5.1056,299.6401
FR_003,12.222541001048285,72.79809538452452,0.7532379031181335,,212.9,10.6796,150.0786
FR_004,12.428571211343524,72.42141942006701,0.5665184855461121,,210.05,0.4997,163.5139
FR_005,12.222541001048285,72.79809538452452,0.4844558537006378,,211.1,0.3179,132.8873
FR_006,12.428571211343524,72.42141942006701,0.4719821512699127,,210.63,0.9234,283.6004
FR_007,12.222541001048285,72.79809538452452,0.07933245599269867,,212.91,3.1126,39.6874
FR_008,12.222541001048285,72.79809538452452,0.7082293629646301,,211.3,6.3494,61.0464
FR_009,12.222541001048285,72.79809538452452,0.7082293629646301,,211.3,6.3494,61.0464
FR_010,12.428571211343524,72.42141942006701,0.37584084272384644,,208.94,0.6994,59.7011
FR_011,12.428571211343524,72.42141942006701,0.35877519845962524,,208.43,0.3092,210.1448
FR_012,12.428571211343524,72.42141942006701,0.5172820091247559,,208.63,0.2632,183.029
FR_013,12.428571211343524,72.42141942006701,0.34106945991516113,,209.39,0.351,10.2261
FR_014,12.222541001048285,72.79809538452452,0.3895496726036072,,215.07,2.7201,193.3994
FR_015,12.222541001048285,72.79809538452452,0.41878414154052734,,212.2,0.7914,6.2317
FR_016,12.428571211343524,72.42141942006701,0.3053857982158661,,209.76,0.5967,42.4322
FR_017,12.222541001048285,72.79809538452452,0.669834554195404,,208.86,0.9155,279.9945
FR_018,12.222541001048285,72.79809538452452,0.42294904589653015,,210.12,0.6561,28.7705
FR_019,11.956770103532563,73.16393978961077,0.39903953671455383,,272.1,3.0204,95.9925
FR_020,11.956770103532563,73.16393978961077,0.7641677260398865,,266.05,1.4081,352.3973
FR_021,12.428571211343524,72.42141942006701,0.6882578134536743,,209.1,5.1609,214.468
FR_022,12.428571211343524,72.42141942006701,0.6426385641098022,,207.18,4.0573,135.187
FR_023,12.222541001048285,72.79809538452452,0.31606268882751465,,216.77,2.1238,15.5079
FR_024,12.222541001048285,72.79809538452452,0.3644663989543915,,225.76,2.1755,178.5077
FR_025,12.222541001048285,72.79809538452452,0.5042564868927002,,217.02,0.3143,310.9882
FR_026,12.222541001048285,72.79809538452452,0.4262852668762207,,208.25,0.6273,351.3663
FR_027,12.222541001048285,72.79809538452452,0.25716671347618103,,217.41,1.4412,220.3737
FR_028,12.222541001048285,72.79809538452452,0.499794602394104,,217.67,3.7154,63.5706
FR_029,11.956770103532563,73.16393978961077,0.45704782009124756,,265.18,1.8064,24.6499
IE_001,9.995074924450819,80.66084371792263,0.8773060441017151,,80.31,1.2776,151.2612
IE_002,9.995074924450819,80.66084371792263,0.8773060441017151,,80.31,1.2776,151.2612
IE_003,9.995074924450819,80.66084371792263,0.8773060441017151,,80.31,1.2776,151.2612
IE_004,10.897890835658643,80.21360980854087,0.7075559496879578,,51.06,2.5855,243.7292
IE_005,10.897890835658643,80.21360980854087,0.7075559496879578,,51.06,2.5855,243.7292
IE_006,10.897890835658643,80.21360980854087,0.7075559496879578,,51.06,2.5855,243.7292
IE_007,9.93482887021986,80.05095615180613,0.7610793709754944,,85.7,3.2787,137.6054
IE_008,9.93482887021986,80.05095615180613,0.7610793709754944,,85.7,3.2787,137.6054
IE_009,9.93482887021986,80.05095615180613,0.7610793709754944,,85.7,3.2787,137.6054
IE_010,9.850580297401223,81.18314601605532,0.7077928185462952,,69.35,6.4369,82.4214
IE_011,9.850580297401223,81.18314601605532,0.782818078994751,,49.27,2.3142,77.2308
IE_012,9.850580297401223,81.18314601605532,0.7077928185462952,,69.35,6.4369,82.4214
IE_013,9.785300555999243,82.21871621647813,,,62.74,8.2439,346.0392
IE_014,9.785300555999243,82.21871621647813,,,5.56,2.6869,180.1982
IE_015,9.785300555999243,82.21871621647813,,,64.62,2.6094,58.7826
IE_016,9.995074924450819,80.66084371792263,0.8773060441017151,,80.31,1.2776,151.2612
IE_017,9.995074924450819,80.66084371792263,0.8773060441017151,,80.31,1.2776,151.2612
IE_018,9.995074924450819,80.66084371792263,0.8773060441017151,,80.31,1.2776,151.2612
IE_019,9.639478068408096,81.28920553723198,0.6771065592765808,,56.1,1.65,176.3999
IE_020,9.639478068408096,81.28920553723198,0.6771065592765808,,56.1,1.65,176.3999
IE_021,9.639478068408096,81.28920553723198,0.6771065592765808,,56.1,1.65,176.3999
IE_022,9.603704391112899,81.14524429705057,0.4678735136985779,,62.59,4.2834,150.3984
IE_023,9.603704391112899,81.14524429705057,0.4678735136985779,,62.59,4.2834,150.3984
IE_024,9.603704391112899,81.14524429705057,0.4678735136985779,,62.59,4.2834,150.3984
IE_025,10.245887983674208,80.37867417982953,0.5052546262741089,,28.5,4.0424,251.3774
IE_026,10.245887983674208,80.37867417982953,0.5052546262741089,,28.5,4.0424,251.3774
IE_027,10.245887983674208,80.37867417982953,0.5052546262741089,,28.5,4.0424,251.3774
IE_028,10.490937459572308,81.2220700913106,,,5.87,3.4445,120.2801
IE_029,10.142029046367156,81.70745782819192,,,14.48,4.9655,236.141
IE_030,10.142029046367156,81.70745782819192,,,14.48,4.9655,236.141
IE_031,9.824964771824227,82.5405606851385,,,89.16,1.6463,195.6636
IE_032,9.824964771824227,82.5405606851385,,,89.16,1.6463,195.6636
IE_033,9.824964771824227,82.5405606851385,,,89.16,1.6463,195.6636
IE_039,9.845484024353937,80.9421843679705,0.6901984214782715,,149.39,2.629,283.4981
IE_040,9.845484024353937,80.9421843679705,0.6901984214782715,,149.39,2.629,283.4981
IE_041,9.845484024353937,80.9421843679705,0.6901984214782715,,149.39,2.629,283.4981
IE_042,9.792348876900007,80.9144275018395,0.4955943524837494,,309.92,4.5421,29.9373
IE_043,9.792348876900007,80.9144275018395,0.4955943524837494,,309.92,4.5421,29.9373
IE_044,9.792348876900007,80.9144275018395,0.4955943524837494,,309.92,4.5421,29.9373
IE_045,9.510370280748816,82.02810876316371,0.7134612798690796,,,,
IE_046,9.510370280748816,82.02810876316371,0.7134612798690796,,,,
IE_047,9.510370280748816,82.02810876316371,0.7134612798690796,,,,
IE_048,9.82737557228262,80.27228611858945,0.85630202293396,,86.16,6.8861,357.7637
IE_049,9.61972934642256,81.57859511963156,0.636442244052887,,160.97,20.0987,77.3439
IE_050,9.980418018356659,80.5565094247569,0.8013924956321716,,74.92,3.0447,188.5914
IL_001,20.18288837382437,68.74410862825724,0.19224156439304352,,110.27,1.2332,19.9049
IL_002,20.18288837382437,68.74410862825724,0.1646626889705658,,107.2,1.7794,19.7085
IL_003,20.18288837382437,68.74410862825724,0.10562840849161148,,107.49,0.3976,359.2457
IL_004,19.89926475346158,60.25087264028672,0.0964878723025322,,166.68,1.6308,183.0128
IL_005,19.89926475346158,60.25087264028672,0.07760509103536606,,172.16,1.6727,205.6034
IL_006,19.89926475346158,60.25087264028672,0.06658368557691574,,182.78,2.6587,156.5168
IL_007,20.581512851444927,61.97976967383536,0.2117171585559845,,249.38,7.4394,302.6553
IL_008,20.581512851444927,61.97976967383536,0.4392910897731781,,251.69,30.7649,138.9715
IL_009,20.581512851444927,61.97976967383536,0.26954203844070435,,241.04,3.7415,300.6247
IL_010,20.61632307770185,64.74351884349254,0.2402937114238739,,26.76,1.6201,268.9335
IL_011,20.61632307770185,64.74351884349254,0.3406873941421509,,25.71,1.4742,251.2018
IL_012,20.61632307770185,64.74351884349254,0.21824437379837036,,30.12,3.3538,328.4229
IL_013,20.855352535332145,63.31622771224349,0.29707634449005127,,44.63,2.1497,170.0738
IL_014,20.855352535332145,63.31622771224349,0.1808699071407318,,49.32,1.2753,315.1421
IL_015,20.855352535332145,63.31622771224349,0.23889310657978058,,44.14,4.0644,183.4224
IL_016,20.855352535332145,63.31622771224349,0.21961970627307892,,60.44,6.7219,247.8362
IL_017,20.855352535332145,63.31622771224349,0.1573045402765274,,46.9,1.9231,139.3794
IL_018,20.855352535332145,63.31622771224349,0.4020395576953888,,51.51,2.4878,220.5742
IL_019,19.953787710183178,65.96722154580917,0.2188309282064438,,57.66,0.3848,18.3808
IL_020,19.953787710183178,65.96722154580917,0.38764822483062744,,69.98,2.6734,16.351
IL_021,19.953787710183178,65.96722154580917,0.38916975259780884,,63.62,1.2444,13.4964
IL_022,20.110224204945837,67.0910498469612,0.46774822473526,,87.1,3.7804,152.6742
IL_023,20.110224204945837,67.0910498469612,0.5552356839179993,,71.24,7.2652,180.0398
IL_024,20.110224204945837,67.0910498469612,0.12023909389972687,,61.52,1.3163,200.4726
IL_025,20.581512851444927,61.97976967383536,0.37335205078125,,183.16,4.9046,284.0044
IL_026,20.581512851444927,61.97976967383536,0.7142249941825867,,185.31,2.9662,258.6305
IL_027,20.581512851444927,61.97976967383536,0.7692565321922302,,175.26,2.0813,310.1722
IL_028,19.9941996507805,61.98724244701763,0.107095867395401,,208.26,0.2698,247.0473
IL_029,19.9941996507805,61.98724244701763,0.10699914395809174,,193.27,2.7151,305.1023
IL_030,19.9941996507805,61.98724244701763,0.1290711909532547,,197.24,4.8628,222.6389
IL_031,20.18288837382437,68.74410862825724,0.46122658252716064,,99.48,4.8308,12.4037
IL_032,20.18288837382437,68.74410862825724,0.15508593618869781,,99.55,3.9764,33.0439
IL_033,20.18288837382437,68.74410862825724,0.33357951045036316,,107.69,1.1909,69.5273
IL_034,21.09099778715455,64.34304538451498,0.41034117341041565,,19.32,8.8922,167.1672
IL_035,21.09099778715455,64.34304538451498,0.3078722655773163,,7.16,8.4257,87.4223
IL_036,21.09099778715455,64.34304538451498,0.2404775172472,,3.46,1.0862,45.7339
IL_037,21.09099778715455,64.34304538451498,0.5269259214401245,,4.52,0.1875,219.0304
IL_038,20.61632307770185,64.74351884349254,0.1724255084991455,,27.93,0.7744,120.5094
IL_039,20.61632307770185,64.74351884349254,0.45138517022132874,,25.97,1.0553,196.3359
IL_040,20.18288837382437,68.74410862825724,0.12258319556713104,,178.73,7.9605,32.5992
IL_041,19.778202426398934,67.43939243382124,0.738270103931427,,132.72,0.9251,203.5953
IL_042,20.18288837382437,68.74410862825724,0.13678303360939026,,83.56,1.715,43.0934
IL_043,20.18288837382437,68.74410862825724,0.27225184440612793,,78.49,0.9939,63.0244
IL_044,20.855352535332145,63.31622771224349,0.3778478503227234,,39.19,1.928,99.0976
IL_045,20.855352535332145,63.31622771224349,0.26045525074005127,,43.83,3.1776,0.17
IL_046,20.18288837382437,68.74410862825724,0.32193490862846375,,96.15,10.6954,49.1592
IL_047,20.18288837382437,68.74410862825724,0.18771310150623322,,98.84,2.0957,16.8301
IL_048,19.89926475346158,60.25087264028672,0.10997471213340759,,193.27,5.0112,135.735
IL_049,19.89926475346158,60.25087264028672,0.10997471213340759,,193.27,5.0112,135.735
IL_050,20.55296232692723,64.06970327792355,0.2709994912147522,,58.5,4.8698,239.405
IL_051,20.55296232692723,64.06970327792355,0.35011717677116394,,52.63,2.2003,295.5501
IT_001,16.678918052231325,72.68008740805539,0.23742243647575378,,40.15,2.3345,341.2045
IT_002,,,-0.038908831775188446,,0.0,0.0,0.0
NL_001,10.968210318533863,77.55073361553553,0.7972238659858704,,62.67,4.8767,333.038
NL_002,10.968210318533863,77.55073361553553,0.7657082080841064,,44.91,7.561,182.813
NL_003,10.99221071997465,77.2911459164641,0.5071613192558289,,34.04,0.2596,214.1578
NL_004,10.968210318533863,77.55073361553553,0.847767174243927,,59.26,1.7608,275.3722
NL_005,10.99221071997465,77.2911459164641,0.7839252352714539,,28.46,1.6539,97.091
NL_006,10.968210318533863,77.55073361553553,0.5882161855697632,,31.35,0.3239,214.0157
NL_007,11.039518138224707,77.77053972689393,0.4238910377025604,,32.81,3.3255,207.1226
NL_008,11.039518138224707,77.77053972689393,0.6076789498329163,,32.04,3.8611,218.1631
NL_009,10.968210318533863,77.55073361553553,0.8396406173706055,,33.21,1.8771,242.8278
NL_010,10.968210318533863,77.55073361553553,0.6946506500244141,,28.66,3.4192,0.4765
NL_011,10.99221071997465,77.2911459164641,0.7999563813209534,,51.84,11.7224,295.6046
NL_012,11.02997815665924,77.14895715124199,0.4529493749141693,,63.4,5.055,184.3421
NL_013,11.02997815665924,77.14895715124199,0.42340734601020813,,82.76,1.7307,321.4232
NL_014,11.126203214423242,76.97655030247134,0.6784299612045288,,8.06,0.5136,100.8208
NL_015,11.227023189665374,76.94859015919909,0.6025727987289429,,10.71,0.3911,275.8823
NL_016,11.227023189665374,76.94859015919909,0.5343835353851318,,10.07,0.266,86.3308
NL_017,11.066073120491353,78.09416236999289,0.7402106523513794,,31.17,2.3473,248.4366
NL_018,11.066073120491353,78.09416236999289,0.6929892301559448,,73.35,8.8402,351.7475
NL_019,11.023847823823075,77.94081074184922,0.7034140229225159,,17.53,5.5725,280.8655
NL_020,11.058519506868208,77.55525701973676,0.817419171333313,,10.34,1.2943,255.2663
NL_021,11.058519506868208,77.55525701973676,0.6209041476249695,,10.55,0.5397,231.2193
NL_022,10.939602816727017,77.8081046156641,0.4239000678062439,,26.93,7.596,38.4127
NL_023,10.939602816727017,77.8081046156641,0.5328090786933899,,24.78,0.5608,173.1815
NL_024,10.939602816727017,77.8081046156641,0.5329240560531616,,24.28,0.9257,212.3755
NL_051,11.096327949372323,77.06751573330222,0.5627058148384094,,74.12,9.7334,234.0181
NL_052,11.096327949372323,77.06751573330222,0.4452102780342102,,74.96,16.258,277.0037
NL_053,11.18661384907574,77.14998410472896,0.1741822510957718,,,,
NL_054,10.99221071997465,77.2911459164641,0.7071128487586975,,27.64,10.4435,158.8518
NL_055,11.131610336837582,77.45109107075338,0.5133906006813049,,11.01,1.5872,342.8668
NL_056,10.95004399774217,77.67365127259431,0.6542098522186279,,53.38,5.9489,175.7412
NL_057,10.95004399774217,77.67365127259431,0.6426342129707336,,51.44,4.7774,253.0926
NL_058,10.99221071997465,77.2911459164641,0.7433420419692993,,40.49,4.1609,63.4109
NL_059,10.99221071997465,77.2911459164641,0.7545425295829773,,43.25,2.152,128.1679
RO_001,12.835799556704558,69.79069560107934,0.391024649143219,,65.26,0.3026,146.2891
RO_002,12.835799556704558,69.79069560107934,0.3343159258365631,,65.19,0.2631,304.6542
RO_003,12.835799556704558,69.79069560107934,0.5763227939605713,,65.45,0.8818,90.626
RO_004,12.835799556704558,69.79069560107934,0.391024649143219,,65.26,0.3026,146.2891
RO_005,12.835799556704558,69.79069560107934,0.31520700454711914,,64.7,0.5095,70.1764
RO_006,12.835799556704558,69.79069560107934,0.46975651383399963,,65.08,0.2062,50.3787
RO_007,12.835799556704558,69.79069560107934,0.2972685694694519,,65.95,0.7628,119.0839
RO_008,12.835799556704558,69.79069560107934,0.5320908427238464,,65.24,2.9426,169.1839
RO_009,12.835799556704558,69.79069560107934,0.5320908427238464,,65.24,2.9426,169.1839
RO_010,12.835799556704558,69.79069560107934,0.7957983613014221,,69.9,23.7009,61.5112
RO_011,12.664749278815407,70.29246525633381,0.707076907157898,,82.35,26.4902,29.6631
RO_012,12.901226829912616,70.61000920365116,0.8550134897232056,,95.41,2.407,347.0398
RO_013,12.3825409163627,71.70824080146251,0.7634607553482056,,138.04,1.7614,310.7055
RO_014,12.53334159955574,70.83275742404149,0.7028176188468933,,115.58,7.3079,201.9838
RO_015,12.568363986355564,70.59875124361581,0.807354211807251,,100.51,2.3048,23.0642
RO_016,12.901226829912616,70.61000920365116,0.8338063359260559,,102.14,1.9029,115.6893
RO_017,12.45606067314452,71.11048135981653,0.6860062479972839,,127.84,0.9064,242.8467
RO_018,13.031578349326935,70.62567980873418,0.7417189478874207,,58.35,5.0385,241.3408
RO_019,10.633034026196697,75.85061146757617,0.6741224527359009,,321.15,1.387,112.6045
RO_020,10.542778360856289,76.01798798140258,0.6210976839065552,,279.8,0.7441,75.317
RO_021,11.832637577181913,73.15131451055043,0.5354738235473633,,159.98,0.8215,259.6757
RO_022,12.181307458347419,72.12182855114834,0.616633415222168,,126.83,0.9786,94.781
RO_023,10.866051525578428,74.1605637758415,0.5602717399597168,,277.45,0.85,33.7709
RO_024,10.866051525578428,74.1605637758415,0.6573789715766907,,258.94,5.5614,45.5693
RO_025,12.539820556141763,67.48067406692363,0.5146549344062805,,85.85,0.4333,140.6811
RO_026,10.66764375479687,74.41689676208723,0.7036824226379395,,230.52,7.4365,174.2785
RO_027,10.698901257673981,74.39307258669174,0.7395890355110168,,229.5,4.6658,96.3199
RO_028,12.859788963832045,70.5755036123542,0.6130144000053406,,68.98,14.389,230.7888
RO_029,12.737577693828655,70.89671310659145,0.6644864082336426,,75.12,3.2809,81.3386
RO_030,12.519319057943676,71.38796247754357,0.6036221385002136,,94.61,1.6527,86.6803
RO_031,12.909343233548043,70.3167641676212,0.3376850187778473,,86.15,0.6874,131.0944
RO_032,12.933367257906411,70.25092781736329,0.4489707946777344,,87.06,0.803,86.0862
RO_033,12.933367257906411,70.25092781736329,0.3369482457637787,,87.1,0.3825,52.569
RO_034,12.547638999013998,70.89148784451262,0.6509032249450684,,86.21,3.43,182.5411
RO_035,12.547638999013998,70.89148784451262,0.6509032249450684,,86.21,3.43,182.5411
RO_036,12.547638999013998,70.89148784451262,0.707721471786499,,86.99,7.4578,201.5193
RO_037,12.547638999013998,70.89148784451262,0.47726359963417053,,72.93,1.7866,113.8666
RO_038,12.547638999013998,70.89148784451262,0.37462255358695984,,86.85,3.5869,321.5626
RO_039,12.547638999013998,70.89148784451262,0.7225433588027954,,83.74,13.3149,221.2793
RO_040,12.74715106690752,70.59988303091045,0.5276378393173218,,61.0,3.1683,253.8737
RO_041,12.74715106690752,70.59988303091045,0.629636287689209,,65.29,1.8982,174.5824
RO_042,12.695691400884755,70.77342098656341,0.480922132730484,,83.64,0.3593,9.0035
RO_043,12.605458095601989,70.57025973473353,0.6313484311103821,,81.92,9.0379,207.1456
RO_044,12.605458095601989,70.57025973473353,0.6390153765678406,,77.95,2.4218,54.4851
RO_045,12.605458095601989,70.57025973473353,0.6972558498382568,,95.48,6.6966,45.6291
RO_046,12.901226829912616,70.61000920365116,0.8271991014480591,,56.2,8.0205,219.9268
RO_047,11.832637577181913,73.15131451055043,0.7322999238967896,,183.18,1.3966,241.394
RO_048,12.45606067314452,71.11048135981653,0.7484355568885803,,107.08,3.0403,193.5931
RO_049,12.983467751878038,70.4510667520818,0.6163333654403687,,37.11,2.618,71.4097
RO_050,12.554218984430179,71.34353588058451,0.2502712309360504,,86.39,0.8109,187.1462
RO_051,12.201533801556138,71.46963806153317,0.7095683813095093,,113.56,9.7513,180.7576
SE_001,7.605250689357433,77.5985144395415,0.6687512397766113,,59.23,1.0069,152.0115
SE_002,7.613864585694273,77.69828871481069,0.6967442631721497,,44.64,3.7499,246.3833
SE_003,7.493010184878415,77.26655024749455,0.5570571422576904,,10.61,23.4777,139.3825
SE_004,7.433801756162097,77.13287331226327,0.8018956184387207,,62.7,1.9629,163.9494
SE_005,7.401225121337063,76.87567878011316,0.7443070411682129,,37.05,8.1817,305.8857
SE_006,7.4164103487830175,76.67958822996317,0.877013623714447,,40.58,4.4183,243.4811
SE_007,7.433801756162097,77.13287331226327,0.6457750797271729,,73.96,9.1261,58.062
SE_008,7.401225121337063,76.87567878011316,0.8111132383346558,,42.9,1.1112,115.531
SE_009,7.4164103487830175,76.67958822996317,0.7316742539405823,,52.36,8.1068,198.6292
SE_010,7.613864585694273,77.69828871481069,0.6097734570503235,,17.0,2.1163,321.591
SE_011,7.613864585694273,77.69828871481069,0.7580169439315796,,25.08,6.6823,66.4365
SE_012,7.613864585694273,77.69828871481069,0.6834003925323486,,24.75,0.8019,327.5316
SE_013,7.471899579407136,77.2621399306946,0.6668883562088013,,21.77,3.1629,344.477
SE_014,7.471899579407136,77.2621399306946,0.6162793040275574,,28.68,4.6416,149.9659
SE_015,7.471899579407136,77.2621399306946,0.7374855875968933,,33.18,4.8069,142.1336
SE_016,7.493010184878415,77.26655024749455,0.7247889637947083,,22.41,2.3366,197.4615
SE_017,7.471899579407136,77.2621399306946,0.7637608647346497,,26.97,2.3778,287.1372
SE_018,7.430715065402751,77.16185254498953,0.7729107141494751,,40.92,7.2386,137.3552
SE_019,7.503279245452916,77.17509931052327,0.7781394720077515,,4.4,1.1377,330.8945
SE_020,7.395667904253571,77.00928551407416,0.724885880947113,,24.78,10.3599,194.2543
SE_021,7.714334117181181,77.1984083390046,0.512326180934906,,19.21,1.1001,236.5372
SE_022,7.503279245452916,77.17509931052327,0.4591366946697235,,5.18,0.6248,223.9599
SE_023,7.6765882976955595,77.8851097564634,0.7374867796897888,,21.7,5.7825,233.2183
SE_024,7.605250689357433,77.5985144395415,0.5829821228981018,,11.22,0.7575,19.2669
SE_025,8.068035642657264,76.01537331237117,0.4006156623363495,,14.62,2.6856,333.0651
SE_026,7.553583431374193,76.67862440664513,0.736941397190094,,26.88,1.5126,106.4631
SE_027,7.553583431374193,76.67862440664513,0.6348320841789246,,24.05,0.6,190.2023
SI_001,10.386307360290516,78.61617546026199,0.8034706711769104,,926.57,16.8524,351.8744
SI_002,10.84304911812086,78.23851458481582,0.796561598777771,,905.94,23.1611,40.6227
SI_003,10.386307360290516,78.61617546026199,0.8042835593223572,,913.3,16.8802,331.699
SI_004,10.50732719581572,79.23680847225,0.8159055709838867,,611.66,15.8595,356.2573
SI_005,10.386307360290516,78.61617546026199,0.7991248965263367,,949.88,6.0501,12.8474
SI_006,10.386307360290516,78.61617546026199,0.7991248965263367,,949.88,6.0501,12.8474
SI_007,10.277069640641798,75.4936686190002,0.8221237063407898,,332.84,25.5846,203.3551
SI_008,11.270923856337618,75.2069498609016,0.7679254412651062,,289.05,11.9784,269.5479
SI_009,11.270923856337618,75.2069498609016,0.8374529480934143,,265.28,14.4374,177.4592
SI_010,11.973955887527893,77.41477502469174,0.7867026925086975,,188.61,12.5295,177.6537
SI_011,10.386307360290516,78.61617546026199,0.7763425707817078,,875.01,7.173,37.95
SI_012,10.386307360290516,78.61617546026199,0.7833922505378723,,864.16,3.2738,37.6004
SI_013,10.386307360290516,78.61617546026199,0.6605061292648315,,803.55,3.4214,353.4444
SI_014,10.386307360290516,78.61617546026199,0.6964261531829834,,806.09,2.7387,292.5957
SI_015,10.386307360290516,78.61617546026199,0.6664002537727356,,815.32,4.5642,252.3137
SI_016,10.971724784673938,77.07257307227911,0.7524734139442444,,164.55,3.5077,2.9314
SI_017,10.971724784673938,77.07257307227911,0.7363812327384949,,162.56,1.9524,313.8098
SI_018,10.971724784673938,77.07257307227911,0.7225626111030579,,167.79,7.5079,14.5526
SI_019,10.971724784673938,77.07257307227911,0.40061408281326294,,171.91,3.1968,80.7908
SI_020,10.971724784673938,77.07257307227911,0.7745914459228516,,173.14,3.6656,5.2654
SI_021,10.971724784673938,77.07257307227911,0.44244199991226196,,171.72,3.7127,173.9324
SI_022,10.971724784673938,77.07257307227911,0.6825709342956543,,159.27,2.3467,121.9995
SI_023,10.971724784673938,77.07257307227911,0.6825709342956543,,159.27,2.3467,121.9995
SI_024,10.971724784673938,77.07257307227911,0.6863532662391663,,150.52,5.9653,99.4157
SI_025,10.971724784673938,77.07257307227911,0.40037140250205994,,163.59,2.2575,144.3561
SI_026,10.971724784673938,77.07257307227911,0.65992671251297,,206.58,5.7406,240.5553
SI_027,10.971724784673938,77.07257307227911,0.7634330987930298,,198.8,5.7581,315.1461
SI_028,10.971724784673938,77.07257307227911,0.59779953956604,,141.93,5.125,240.1605
SI_029,10.971724784673938,77.07257307227911,0.59779953956604,,141.93,5.125,240.1605
SI_030,10.971724784673938,77.07257307227911,0.7105291485786438,,149.18,3.5564,313.7354
SI_031,10.671659205077162,78.5446836049262,0.7910253405570984,,288.92,0.3905,241.5763
SI_032,10.671659205077162,78.5446836049262,0.6845260262489319,,289.61,1.1016,76.4006
SI_033,10.671659205077162,78.5446836049262,0.6078807711601257,,289.81,0.9531,85.0104
SI_034,10.671659205077162,78.5446836049262,0.6579285264015198,,288.94,0.1462,78.7151
SI_035,10.671659205077162,78.5446836049262,0.7454541325569153,,289.64,1.0286,197.5432
SI_036,10.671659205077162,78.5446836049262,0.6078807711601257,,289.81,0.9531,85.0104
SI_037,10.977051715453854,76.7244167992525,0.7622317671775818,,288.47,0.9335,190.0431
SI_038,10.977051715453854,76.7244167992525,0.7226606011390686,,288.03,0.4884,156.1315
SI_039,10.977051715453854,76.7244167992525,0.7226606011390686,,288.03,0.4884,156.1315
SI_040,10.977051715453854,76.7244167992525,0.6207839250564575,,288.72,0.3462,165.9017
SI_041,10.977051715453854,76.7244167992525,0.6263672113418579,,288.59,0.6681,184.0396
SI_042,10.977051715453854,76.7244167992525,0.6263672113418579,,288.59,0.6681,184.0396
SI_043,11.128816629685616,77.48101354381917,0.7549267411231995,,301.8,9.4534,337.3879
SI_044,11.143101549112316,76.89662429774667,0.12497524917125702,,293.29,2.3795,218.4101
SI_045,11.143101549112316,76.89662429774667,0.12813740968704224,,304.88,12.1322,119.2493
