random_state,r2_global,rmse_global,mae_global,nematode_shannon_z_r2,macro_shannon_z_r2,earthworm_shannon_z_r2,orib_shannon_z_r2,meso_shannon_z_r2,coll_shannon_z_r2,bac_shannon_z_r2,fun_shannon_z_r2,euk_shannon_z_r2,oomy_shannon_z_r2,cerc_shannon_z_r2,macro_order_richness_z_r2,earthworm_richness_z_r2,orib_species_richness_z_r2,meso_species_richness_z_r2,coll_species_richness_z_r2,bac_asv_richness_z_r2,fun_asv_richness_z_r2,euk_asv_richness_z_r2,oomy_asv_richness_z_r2,cerc_asv_richness_z_r2
0,0.0959225892516273,0.9202101765536159,0.704053175020344,0.15623501310033516,0.20481851880693647,0.40420790288515407,0.16524388494664854,-0.1153899110592238,-0.1896632906077349,0.03159958104681626,-0.02065026973783013,0.14346731347447095,0.12239245923713726,-0.005783411966553853,0.2635434012057323,0.44387576933273765,0.23336379481199943,-0.024140341636469387,-0.2958705081563344,0.0003530197222664233,-0.0022367660863913397,0.18321367912909525,0.19250574198957715,0.12328879384580427
1,0.09938551444439654,0.9191599808968274,0.7025311862377375,0.15970415514443215,0.20831388818050978,0.4147152225781622,0.16779895180156124,-0.11598886260535624,-0.1732568749865866,0.0384290856148618,-0.0233352202244137,0.13873522004881167,0.12162196627711686,-0.005170148349492365,0.26990689022030856,0.4525485025355098,0.23710822173800816,-0.018911612945246903,-0.26048177016196794,0.006666508027508344,-0.0018768388678400694,0.17362288918864976,0.18550427028814043,0.1114413598296502
2,0.09006120119227264,0.9223015849429299,0.7048089838684868,0.13786156414185868,0.19608971708706813,0.4173470171705518,0.17323376830529857,-0.13906633174059335,-0.2039005508547358,0.008865408847194556,-0.019068410022834437,0.13397614604722385,0.13357775472339384,-0.008689100263466143,0.24599600238611696,0.4529309762356406,0.24060148478701893,-0.03765027545442745,-0.32576267464867925,-0.009932631338564146,-0.0023918222013703527,0.17793629113907505,0.19959154652184852,0.1197393441701069
3,0.10098324300595614,0.9184394966732955,0.7020171979692902,0.15198159945106882,0.20801136720149282,0.4180462597439478,0.17558297459705163,-0.13165952839488204,-0.16377864191189606,0.03221906789356499,-0.014549049891153576,0.134721714026253,0.1320797721842668,-0.009373362233078053,0.26980956101158204,0.4501050028240837,0.24660165020036373,-0.0312937112956615,-0.2557772780912797,-0.0010980056757898815,-0.007816400421726932,0.19468121382542825,0.19642719399424624,0.12572670408719688
4,0.09410455842829757,0.9201134992012879,0.7030862614220502,0.14706591077564513,0.18961250967655874,0.42278814980299584,0.17059994142089263,-0.12057232255058681,-0.20813549750363558,0.027502956692086467,-0.016502450209019415,0.13395510373818675,0.13835641226369522,0.006415403077533077,0.24417163776147965,0.4548604864915754,0.24771980090371137,-0.02898685400947887,-0.32339740982510734,0.0007122234322848309,-0.0017002605172804497,0.18427873371188386,0.19137638566059734,0.11607486620023144
5,0.09093304161306764,0.9230257777070401,0.7055287282316035,0.15019327087158751,0.18832714763880498,0.40651268492546866,0.15964057421669253,-0.12755565859969997,-0.18375230888413996,0.01886683202918993,-0.00960541454649766,0.12340936316465245,0.12126917023824324,0.009278180889082277,0.23681583137245643,0.4498503406100255,0.22290564995529416,-0.029712695223652164,-0.292231477942277,0.0023117525660838467,-0.00814535864235344,0.17578044310464103,0.19162052872489,0.10381501740592813
6,0.09178351084667695,0.9218342232217872,0.7054241299356793,0.14215238701513988,0.1885415200719568,0.40423267445267663,0.17372469945726332,-0.1382437915535224,-0.1972811026538317,0.03290331285952475,-0.022137070733333264,0.13565386266476687,0.1319640495294836,-0.0075423921975337205,0.2433209118037294,0.4423582132633771,0.2447769366406446,-0.0399874512780547,-0.30214712873678984,0.0008837126505669701,-0.004502608276062636,0.18171075667373526,0.19371859388258916,0.12335364224389
7,0.09477290053233543,0.9204035125195734,0.7032854765662473,0.15805997220519818,0.21217005947287892,0.40792649651193025,0.16102462687125907,-0.1155424546049566,-0.19736546483234774,0.03655893322067039,-0.021490517604482395,0.1395883902647671,0.1308722574624469,-0.005835785127030535,0.2643872996963378,0.44822656817439643,0.22669148561649743,-0.023856441713063115,-0.3216712146904519,-0.000801812065523988,-0.007108278667304679,0.18858431895725325,0.19411277574326324,0.11569969628730614
8,0.09575411724653654,0.9203261511487533,0.7027245200819082,0.15188253687285336,0.20341072353753753,0.4088946684881415,0.16503320189489845,-0.11299459447790383,-0.19408845117178997,0.032639663358359994,-0.02378376383939651,0.14078104482759746,0.12529671600621128,-0.004016568183645486,0.26262099851662246,0.4406073632072456,0.22847957722931123,-0.019567848155294998,-0.2965843804050108,0.0023664789317298096,-0.008063497310132117,0.18543125684484774,0.1941729604645951,0.1283183755404893
9,0.09409366731817734,0.9201267714146825,0.7043381160345812,0.14662475677198028,0.17182685962035127,0.4223813767170447,0.1770541224506127,-0.12018754731652348,-0.201631969685943,0.03323929132691705,-0.020475847705126116,0.14123102054688041,0.1286188243445343,-0.002519530563710237,0.22652851249927775,0.4569914071864063,0.2475721530597379,-0.02029061886274941,-0.3240570268000136,0.011276517592945123,0.000880783754193537,0.19100766446280493,0.19162369770421095,0.11827256657789276
10,0.09782511880426488,0.918034670894415,0.7020624845674389,0.14601033709812128,0.20821336768005128,0.406434001251327,0.16602918809788658,-0.09960809167431228,-0.21121250922601775,0.04408441281070796,-0.013088518081762812,0.14335860491267705,0.12832672106734044,0.003092919443528297,0.262508825521915,0.450841464608164,0.23596999190599688,-0.004971175144350193,-0.34055826083978147,0.013288965491409788,-0.00337456813159287,0.1946643647576306,0.19713163876795314,0.1271858145726702
11,0.09509476592685552,0.9200766123054456,0.7040623502675396,0.14839446768149045,0.2097367432698768,0.4016800423780351,0.16404830574280638,-0.11239131274165848,-0.21376815499910196,0.028414062903192594,-0.009405710177921023,0.13419064778826295,0.13932067407238602,0.01940464418063259,0.2622384352288657,0.4423580389869822,0.23371717386378288,-0.0193910317068009,-0.3118056169090111,-0.005496285276172408,-0.01055980396604661,0.18871906472420685,0.19245180633712333,0.11513389308303423
12,0.09550244978156333,0.9199686057290246,0.7036648303244175,0.16044113722546227,0.2070919046282702,0.40809720766831825,0.16333191612346498,-0.13253390924146835,-0.2070845200030329,0.04257994735578574,-0.01923671887388756,0.1397835710145482,0.1282491072133337,0.0062685732682736806,0.25698054790884717,0.43791384188832294,0.23569075453479638,-0.03448338979707932,-0.30412917908192005,0.005725752857443367,-0.004896483016476161,0.18870434848301287,0.20445454757584924,0.12260248768096493
13,0.09371669485676976,0.9208229791365091,0.7050948110699256,0.15940493583744664,0.18590561726024757,0.40836791763848956,0.16818142736209918,-0.12730659870024885,-0.20088490138223603,0.02163930778824985,-0.016362184792417356,0.1492276274846639,0.13111775765651656,-0.01119639799293104,0.24664166742695204,0.44957560912669936,0.23475348074645375,-0.024054069348105278,-0.3117944488009228,0.0018874927547468667,-0.001760094667729195,0.19046669868096688,0.18802942613579388,0.12621032177742952
14,0.09575238656121943,0.9200800849616251,0.7045177921878926,0.169961590766875,0.20611845016843178,0.41183201494049126,0.16387788837404982,-0.11553757721047897,-0.19711995696598583,0.025627202315112396,-0.011514684195008451,0.12817963784439534,0.11433245503703149,-0.0003284465177271212,0.26561612792465583,0.45034685688902576,0.23725012388470756,-0.02158427083984571,-0.29644501954358526,0.0033034309390969074,-0.003783443529754571,0.17715592220458976,0.18552837880077544,0.11798343649875553
15,0.09625991575140759,0.9203071157059639,0.7044399069379528,0.16203749636917575,0.19455439274557318,0.42575488506176684,0.1661158386209769,-0.12176691790464744,-0.1733190088110732,0.025043631231838726,-0.01754745549073844,0.129707316848776,0.12948218962011138,-0.01140189992477314,0.2588169450196298,0.45414616551482145,0.2424071642454062,-0.02354029482217279,-0.2841829985964026,-0.003189408362435975,-0.0063701014552937085,0.17774767724760687,0.18921650598011852,0.10774610764129477
16,0.0954822551293844,0.9189519824301244,0.702426889711257,0.1538897550225442,0.22069071253999273,0.42091985638048435,0.17198449416539163,-0.13227784419474053,-0.23766364285809782,0.035653513690948824,-0.023978963879938364,0.14426537846812382,0.1325006259313829,0.00962174238635527,0.28161199684360394,0.4577955424502169,0.24347123904787282,-0.03003722802083897,-0.33978510828417696,0.0001832425561609785,-0.004971886314585117,0.19008099171211945,0.19718405583302845,0.11398888424122366
17,0.09693494044437546,0.9201266287391331,0.7023740111145952,0.15704750332480577,0.19443694429089742,0.408858847850594,0.16521821020084249,-0.10658447204205124,-0.18623744266758746,0.026058165986354243,-0.019577174711693734,0.1349800747745118,0.12817102378323786,-0.002495543786383614,0.24861570715436965,0.44252177330763576,0.23278735454800603,-0.013118010837611216,-0.2678838025065593,-0.0014962079818601204,-0.00014120709395570863,0.17519486429766729,0.19858983085121473,0.12068731058945048
18,0.09733601562618117,0.9201350650681346,0.702736210301817,0.14248281599753831,0.2005445264054666,0.4018820159154787,0.17264496405651553,-0.12763329929097855,-0.1718681710344636,0.028179006988171884,-0.02020816006020376,0.13720318703385193,0.13379302900179935,-0.004584737356619684,0.2626357926222074,0.4421061098678871,0.23130027091579075,-0.032809761079933386,-0.2676987626613445,-0.001284691176585584,0.004312328815698874,0.18571333754883013,0.20354769089846225,0.12379883474223474
19,0.09886931582478911,0.9176677012513137,0.7019924707750924,0.16071986890070522,0.19536647782171523,0.42277765541498946,0.18054105053801195,-0.12517956875193836,-0.19914384778110605,0.03352717719772125,-0.019184334854867924,0.12791256643917825,0.1472469768300968,0.0012353792026714716,0.24970775011565116,0.4542487242609129,0.2615783520302204,-0.02564456693194206,-0.30915873622187084,0.005705154732617457,-0.003927247429610148,0.1830390255520541,0.20471208119923245,0.1301756940561285
20,0.09880799073615029,0.9192333014634113,0.7025569554904434,0.14257711232341963,0.19163003726212513,0.4143238076682828,0.16003940225059465,-0.1028430473607338,-0.18656346095249754,0.04328576754726454,-0.01122139771581776,0.1367190777007926,0.12450376925848561,0.003886044471185901,0.25380998937474575,0.4481046557834948,0.22259990056968781,-0.011002240950002129,-0.2764423675270291,0.018618990799802115,-0.009082897059230044,0.1952504887435842,0.1864988919615299,0.13027528130947075
21,0.10050029594810025,0.9183064894533517,0.7020637804065051,0.15969756606761643,0.2081742120608251,0.41762125693913843,0.16842146205656405,-0.12511605296646655,-0.1711384038224666,0.03718284308636266,-0.016235837228366412,0.1414901124462855,0.1255894634450634,0.013670319950578436,0.2719103745022826,0.4558951127156171,0.23424220067452872,-0.029792233804724955,-0.28596110936188524,0.00783795926547426,-0.009362737159771761,0.1876485538496232,0.19924658861790345,0.11948456357592374
22,0.09451650643417907,0.9195781744881582,0.7035136928914005,0.16573811473098898,0.20728789749569,0.42311937469466265,0.17449545499419616,-0.1270060722082642,-0.213134451335244,0.025695957940441994,-0.0188528544939921,0.14194600905350674,0.13379121166661423,-0.005277898874764819,0.25957559762116267,0.45306585359514107,0.24449088432552568,-0.028131042713634757,-0.3364089984884222,-0.0003483375239596853,-0.006554913205180091,0.17709618970625995,0.19068247530280902,0.123576182834223
23,0.09603407893427103,0.9215270062958104,0.7037931448358473,0.14858353128966229,0.19058058224296337,0.4177472254494523,0.16452695892840496,-0.12356940340084921,-0.16000194149984992,0.020605973773431208,-0.0214411991583201,0.13800975791246162,0.12087144558582508,-0.003988591253505813,0.24304126505335688,0.4507604189236829,0.2303677316037025,-0.021926214206542616,-0.24639164691068216,-0.0032210298950912097,-0.007158005569121162,0.1781914196121901,0.1880363741057247,0.11309100503279579
24,0.08986224010185828,0.9223863174855732,0.706104043488527,0.15352058801167034,0.19148925756642998,0.3966327525028446,0.1643418115255949,-0.11015372369015708,-0.21954078008118327,0.02528367070329962,-0.012820531945057612,0.14202799315787518,0.11091666822985968,-0.008050608197867515,0.24474220410930658,0.43284554591053526,0.2263696529068281,-0.013855079371720258,-0.3270259777079827,-0.0029864545365203554,0.0015438739515031275,0.18443949409345473,0.19522920610871664,0.112157478891594
25,0.09129452296451189,0.9212343067993652,0.7043275858248744,0.1525228470284835,0.2035329129796708,0.40825203076238037,0.16947710172312258,-0.1337935080510244,-0.22272295118478547,0.03239971628709415,-0.016563460828821208,0.12757296998378487,0.1201787397798294,-0.007692930035973378,0.2631706849203047,0.43680166238863605,0.24651526589193384,-0.036409063537941266,-0.32421225213843274,0.0012963427449561582,-0.0041737192268080925,0.16922191687435195,0.20300714149448862,0.12880353439949932
26,0.09647410973383051,0.91913419489895,0.7029685783163033,0.15978958176376756,0.20092220797720484,0.4104245314312497,0.17460245154044796,-0.11882111080873714,-0.2019955464963883,0.03721529824643022,-0.013791976037266007,0.1374074064985511,0.12452850774372448,-0.005033074150262884,0.25878000324698613,0.4460178629239293,0.2432773554306179,-0.019473907768736254,-0.3163928897455641,0.008380056676195902,-0.0051252748864378805,0.1933389870025416,0.18858522154653723,0.12332061227564939
27,0.09939851130436736,0.9188307888591127,0.7018513181292179,0.17038528289301602,0.1941551597670127,0.4183895831971942,0.18075138037975347,-0.11097347114970035,-0.1778271380160954,0.02205343809209115,-0.017335987470662007,0.12725905347129274,0.1237427508477188,0.000441365373616609,0.2547297509217916,0.44721315085470204,0.24422489624195276,-0.014130778732759586,-0.26819228483120416,-0.005185397462120989,-0.0035298807481602967,0.1859544752500304,0.198160360922933,0.11708302758931188
28,0.09591434702922731,0.9203073494645333,0.7026948366104947,0.15109021796191857,0.20052638662071443,0.43275018430439216,0.1585660788139409,-0.13179466610561885,-0.19640723294041362,0.024241763224277513,-0.009253331723264369,0.13444634653069876,0.1316235033535481,-0.0033201296656502066,0.25343679836771316,0.4620780570816314,0.22906791746784638,-0.03296455020378963,-0.2918690385979914,-0.0021954200417719782,-0.009209373384066355,0.19404521013900689,0.20093868864916542,0.11840387776148631
29,0.09585764994828448,0.9207460296630846,0.703205239979251,0.1528622107947143,0.19345884523515766,0.4009694661475117,0.16411695026889306,-0.12164724360720514,-0.17214790984993433,0.03836134844732453,-0.010165197798782666,0.13910955171835182,0.13991724481912016,-0.006114178244309265,0.24477092877395312,0.43182388908455405,0.23640772805638566,-0.027061184770402757,-0.26602981250486724,0.0074028361240164875,-0.006389909105262825,0.1819251768409147,0.1781492831739364,0.11329062530990464
30,0.09640755396446335,0.9202517702759342,0.7034848129996809,0.15766754303323094,0.20606883620152283,0.4287309179944807,0.1705160660822742,-0.1371323557319739,-0.18351663145685637,0.01018510234740444,-0.021442667398869464,0.13502729374652678,0.12716878404430987,-0.003984392060860875,0.2695777175129277,0.4598468781449948,0.24747569483077814,-0.03698124483660692,-0.27998669498475026,-0.004830716944326685,-0.004907586549530496,0.18752849536962657,0.1895258251481271,0.1080217687613012
31,0.09090140981002541,0.9218736991297943,0.7040649669085897,0.16254187645005125,0.19176339453171742,0.40663298197592124,0.1657107894845562,-0.11790257826565265,-0.21131766898766347,0.027018526472695203,-0.02261797410502453,0.129604219407505,0.13179141955569784,-0.0014450005494850426,0.2481103247136851,0.4374494862130378,0.23658510454328574,-0.025617685841533344,-0.32254663794018446,0.001134853477782527,-0.0073202228660158575,0.17176004735724315,0.18728997005061265,0.1203043803323014
32,0.09501214022134145,0.9196012199711812,0.7032650023101771,0.1546317181383744,0.1944567683766738,0.41099497043894007,0.17916237309905259,-0.11968004944985133,-0.2135033920389624,0.03313898326013942,-0.019521182240953783,0.13954616907658146,0.138796164248429,-0.009188081961283734,0.2540621925212906,0.442649413223392,0.24845571542572542,-0.020966244194428274,-0.31417437284137417,0.007539184760583684,-0.007644086748563206,0.18606937356900877,0.19042108056233975,0.12000824742305649
33,0.09360267069755748,0.9209420743744767,0.7046084456904771,0.15881027339513865,0.20585912546546214,0.41217748550228495,0.16148267488858836,-0.13241415238869525,-0.1909612725996248,0.037637378581234726,-0.02584191498196997,0.13375834749064208,0.12732964855432138,-0.00301742807188643,0.26883031015035186,0.4515876170085329,0.2317788664211794,-0.03778804509670497,-0.31854763665527264,0.009754172478367629,0.0007749740657091442,0.17162699009432592,0.18300453012235796,0.1198141402243641
34,0.10038980757132573,0.9189834237977123,0.7030957241970804,0.16476677643682913,0.18312246899921036,0.4349869459780631,0.15994084407350073,-0.11876520390269008,-0.1670402236607904,0.03244374694154295,-0.019528936959600784,0.13806637835320446,0.12378466290717105,0.009037060842442157,0.24539881796112062,0.4679825871794606,0.24149800180467562,-0.02656199516642932,-0.2531721014849948,0.009414013571923063,-0.00756557662835422,0.18695793454574705,0.19099140643630164,0.11242835076950708
35,0.09352729905748972,0.9211522733865343,0.7037882505743839,0.1617510328912104,0.18902080201222282,0.41400582430680855,0.1617154176823774,-0.11427813908694584,-0.19385577952061706,0.030490203867566512,-0.020408692872147416,0.13114089624958758,0.1300902303019268,-0.006935299018534069,0.24356825328301457,0.44639943222196854,0.22830665140554718,-0.0176413596110907,-0.3086029506760706,0.004954872356664919,-0.006141884452439905,0.1799623816504765,0.19156646987992165,0.11896491733583625
36,0.09248551689402887,0.9213340793235424,0.7039240065540406,0.135754506962525,0.18258514500686995,0.42076616586000004,0.16919485601112338,-0.11788997951028546,-0.2011828254027741,0.011756984972946638,-0.00758719246328865,0.12593489517972933,0.14398740900582918,-0.005020518622127934,0.2407099302000092,0.4541497220343874,0.2392504716186823,-0.017997994576931076,-0.3111674037406984,-0.008957173883758385,-0.0008730514765216135,0.18468167126552948,0.19053050939457028,0.1135697269387893
37,0.09539166572714423,0.9208369897705612,0.7034570592059458,0.16609881608865817,0.20156284653327827,0.42227202196648006,0.16577499705715237,-0.12861976124847208,-0.18130365769446688,0.03195583467430152,-0.021448304116475247,0.1348854806640848,0.11700433884989103,-0.0002791278564562294,0.2577840701744174,0.4584772388894287,0.23233970785144586,-0.03498383662005233,-0.28765433309814203,0.00328686006045964,-0.012771581277336796,0.18032353189355288,0.18338929090323475,0.11513054657504518
38,0.0940966964049197,0.9207669391704622,0.7050212809709245,0.14843546055328072,0.19539116358600495,0.4243706073785647,0.17322860835275056,-0.12608382890384373,-0.1883888937613878,0.02705365902785306,-0.025287324192460936,0.14251970057147856,0.12825758516110708,-0.009311544979110797,0.24126729663762048,0.45617942684376056,0.24947890912052006,-0.03065783176013359,-0.30589583740820103,-0.0044126263037487234,-0.008997705300159975,0.1821288868427473,0.18928520734529386,0.11746970569137849
39,0.09243795583698473,0.9218513469618234,0.704627719866462,0.15369024836282796,0.2049903807162594,0.4014308680524329,0.1626528266649233,-0.12519041993980373,-0.19785512922475101,0.03055219936324416,-0.013205685368236741,0.13107987660485398,0.12154410380164937,-0.0009614084078237717,0.250623924718434,0.4369928623968534,0.22718057491161403,-0.03092357964352832,-0.29757300079230076,0.002588051116771295,-0.008204051706539817,0.17993903454361104,0.19400166197270208,0.11784373443348639
40,0.09280143777566983,0.9208439668968188,0.7039715453336042,0.16179766553529185,0.20055100841923912,0.4171863157540747,0.1721537046142363,-0.1326690944518627,-0.2098566472412906,0.024434570103096576,-0.02537261887410658,0.1401126450811856,0.13274512428629326,-0.011660726059992799,0.25557842639866635,0.45289334407907655,0.24212500152131988,-0.032196209793384334,-0.32650752125744376,0.0021627886601255364,-0.005344983765023015,0.18695006810944048,0.18791621271827585,0.11583111945184832
41,0.09983797827130166,0.9190534719868639,0.7027539598935761,0.13967737110589495,0.2112785094244113,0.4233699966993971,0.17256924902734672,-0.12042285546009213,-0.16655856010596315,0.03441360982341424,-0.017375075728848666,0.1330877112313913,0.12058425121803129,-0.006733624160638385,0.27081482500671883,0.45663670867931194,0.2406535851839211,-0.026297281974046127,-0.2632351688848362,0.0023951314371243315,-0.006847341235714621,0.19456560323122252,0.18135123966331013,0.12266965951597875
42,0.09003313733316212,0.9219842628208725,0.7049711685298347,0.14832672353494525,0.1953334765892767,0.40872804057683465,0.15970641185557843,-0.11544155996708483,-0.23072105288353928,0.03689681514625376,-0.018550508830052603,0.13090745728665854,0.12907615876880307,-0.01189235876586725,0.24638561007596127,0.4424395210066654,0.23229034588266706,-0.023707093532879142,-0.32994908604353923,0.009805337666130232,-0.01291317506303069,0.1806393341353415,0.19524885726242724,0.11808662929485447
43,0.09958434504663052,0.9182202197625818,0.7008016823867838,0.1495752343535085,0.22241188523708633,0.41637666637965964,0.17583197818001328,-0.11398373303752307,-0.18764792909248862,0.03136610621899383,-0.005856441866356699,0.14051646357538594,0.12990815876969408,-0.014932688196229504,0.2686090350707385,0.4499826116418766,0.24009377504623253,-0.025598347668331023,-0.2864981802364752,0.005338860060363992,-0.006440149950074137,0.19676329364383538,0.19575125129671223,0.10970339655261829
44,0.09636838107283176,0.9203666802369633,0.704126447931793,0.17500427349593306,0.20135817972082892,0.40931292433654043,0.16595566694904407,-0.11496810244104072,-0.18531391040134015,0.016883996821621006,-0.011205303141042844,0.13475953473196833,0.1001153460974118,0.00443237306498645,0.25353382528352264,0.44800151452039116,0.23695806642187134,-0.02105214740668493,-0.278829995935421,-0.0021947725531814566,-0.0009209160943197681,0.18676860159467723,0.18411767500151877,0.12101917246218297
45,0.10059644568360265,0.9185843314795115,0.7009175793658459,0.1554954812150412,0.1888747392303266,0.4232239939921092,0.17382990775405494,-0.1140657019014919,-0.16664961742619577,0.0338903074814626,-0.01416397407140435,0.12691720514355942,0.13595260957734,0.0008955095792125833,0.24593439238392645,0.45992956039607613,0.24195059595920332,-0.021271207639459,-0.25298844596681325,0.007068178322881535,-0.008669889355643612,0.18132687909168788,0.18994621583424487,0.12509861975553682
46,0.09094584467272789,0.9218318093201086,0.7043900412951661,0.137984464804764,0.18709896352905675,0.418067264503478,0.16895635660220587,-0.13335204489654773,-0.21607207751497892,0.02295526507204293,-0.015377110589061216,0.15263731020916438,0.12872870602120678,-0.003189245509676475,0.2459605910760302,0.4488447331866222,0.23942639875904126,-0.03854991192574331,-0.327617691248,1.66595004086334e-05,-0.00659096783173041,0.20066297629118302,0.1907954509108135,0.10847664717700634
47,0.09802286229768645,0.9189290910617218,0.7020609367984265,0.15855804264884021,0.2057866903683483,0.41747664500233506,0.16790556827236403,-0.1195569930021827,-0.19719275276274795,0.028154333320427938,-0.024546225844134684,0.1494421012889301,0.13489584036159163,-0.004650207210729285,0.2637314705114402,0.45240102578278163,0.23384317053123993,-0.022025975651908114,-0.3087941620304495,0.00035239570913814244,0.00032382144635512145,0.20630030046621883,0.19068678233605818,0.12538823670749877
48,0.09499330950923641,0.9212612463801112,0.7042140567143,0.16433043571777217,0.1911228060523904,0.4140228431543752,0.16565777655075975,-0.11778580190106536,-0.18709480702373305,0.02441086455316399,-0.03310193564593078,0.1427827473952814,0.1161980229608437,0.0037175573541665674,0.24729816507309577,0.4494477434750771,0.23606358719050324,-0.024485954644434704,-0.2787380640817514,0.0008573054145158965,-0.010678647433396193,0.19000481627353527,0.18380992911007465,0.11702011014872138
49,0.09612817196876929,0.9194505982970661,0.7025746734984745,0.15761577115381864,0.19413566333915144,0.41944147081615457,0.1780958176023243,-0.12214438260164995,-0.19572126819365288,0.0316058501101284,-0.018129981060623246,0.1405316142288,0.12454242302930896,-0.020296191910724737,0.2450124373961522,0.453421648792405,0.2523565821331729,-0.025703591144827564,-0.3039521619000771,0.006732198394289846,-0.0018255198105971981,0.19491532956401614,0.19354346741926187,0.1145144339873233
50,0.09225816665733605,0.921259558823366,0.7055271223570246,0.13999965965871197,0.1998766136786252,0.4135009301202408,0.16744613619432336,-0.12198112940332484,-0.2149606185289521,0.03186466521961928,-0.026116240503052168,0.13266970552163848,0.1259096896301124,-0.008226761359202195,0.25179085330331685,0.4472182118738254,0.23036937350113662,-0.028716498305785265,-0.320321203263799,0.009170573882202437,0.0006423706734918211,0.185051775028499,0.2017041097701382,0.12052928311229083
51,0.09859778367142502,0.9182454101384069,0.7024110546325748,0.1490519215152626,0.200166326171619,0.4252588132861186,0.17232267216202313,-0.11864867236351073,-0.20094227841483958,0.03216827639971265,-0.021966142298122326,0.14004556953060587,0.1323957036794282,0.006511672858271145,0.2568218120897906,0.4628971613297713,0.2469207973641936,-0.021568869811288582,-0.3117633018773105,0.004895151146034893,0.004026088207209844,0.19799088022171552,0.192590350984722,0.12137952491851833
52,0.09502979192449532,0.9208808703333027,0.703897439725007,0.15276279619491429,0.19207992283334463,0.418518467698498,0.17544977925211036,-0.1237619856630563,-0.188345449979767,0.012500701831157146,-0.013330381934437474,0.1463648251449019,0.12795550697584712,-0.005068058959965205,0.2532016220915977,0.45423350183729216,0.22800783359658194,-0.028959918223991243,-0.29165873993179336,-0.009951304515402493,-0.0040401895142263555,0.19756017159309391,0.18752330239861337,0.11458322768908857
53,0.09786764162548621,0.9197116115400108,0.7023190128471547,0.15448443722066618,0.19731335868871736,0.40823514934377947,0.17889088263401298,-0.11372781258485443,-0.1801110380233173,0.0003431311268026205,-0.013168112877539162,0.14677520850108472,0.1290989702815596,-0.0014204466102720748,0.25885176338890725,0.45069161145216574,0.23642448693957563,-0.020324086704914146,-0.27019094987008296,-0.021128508929396217,-0.0005954289472607233,0.1818245636678133,0.21032496311465054,0.12262833232311177
54,0.09382987880214701,0.9204673414740958,0.7040032857257321,0.1665311215864751,0.20043428417498166,0.4097242963699884,0.164825360758164,-0.13051964251737402,-0.21110733841486273,0.021527420371444728,-0.01707016097779479,0.14376024517482788,0.13003342375390547,0.0022897623362134745,0.25647818637793895,0.4474462243517272,0.23862465024704616,-0.03444294105366108,-0.32546891940026756,0.0022809466574001958,-0.00279202446328064,0.1976797527136901,0.19034383391358234,0.11984897288494212
55,0.09785769999331476,0.9190618970771074,0.701924370382204,0.15163693592193506,0.19087035228582128,0.4271444099353594,0.1740002490888508,-0.11581319428902836,-0.1811332150590279,0.03359471932250657,-0.010515537710444,0.13272217177361367,0.12850898286386847,0.0022024047752959852,0.2493063398779145,0.4483087599409693,0.24958208476739385,-0.025286428972609798,-0.2838051167046285,0.007522720757581314,-0.004242049852200003,0.1762938891700142,0.1878490662783956,0.1162641556880285
56,0.08687574709959009,0.9241814474907428,0.7069520263850243,0.15847280889369975,0.17991180401747198,0.3934661428986763,0.16664414887878132,-0.13601864923875073,-0.1962636651583607,0.040980761762356877,-0.02499064449132149,0.12975962786961448,0.12628705026475262,-0.015388525558782007,0.2342550614023713,0.4294804688386593,0.23367221301147845,-0.040044114895414484,-0.31510584694045685,0.01370313162889869,-0.0048284857442653095,0.171344337509038,0.17655024706786937,0.1025028170750748
57,0.09191651202193529,0.9210505934178148,0.7052706818394314,0.1581229590445865,0.19876878689694333,0.4061330274549302,0.17111269658558226,-0.1223332761080469,-0.22683525827108286,0.02487703048594203,-0.010764551577419512,0.1320930193603871,0.13234611075876368,-0.0025159709702105015,0.25739672861891116,0.44291855502345845,0.23286977864674896,-0.02878600449024038,-0.3272508541667889,0.0013941192731181662,-0.007012843658155132,0.18482736349188233,0.19460703873380858,0.11827829732752271
58,0.09697798422274927,0.9196497107595444,0.7033836419777721,0.15075272380879357,0.19784681999501086,0.41857626435256035,0.17169285068603657,-0.11168978890692105,-0.1876983961264953,0.018929287675912065,-0.02212178285893507,0.12934311051033265,0.13668013751795327,-0.014086973564636951,0.2506629767864821,0.4630521248943611,0.2452317585856878,-0.015345093963627043,-0.28609262996483364,0.0008552518132957099,-0.008194817282010103,0.18361877572568341,0.199896902931601,0.11462816606148374
59,0.0913676236077086,0.922092876045083,0.7045735741661943,0.14256222901296,0.18876179328721288,0.4210719629759663,0.16218371382337238,-0.13216667808997729,-0.20683598398305403,0.020728746043836677,-0.015110884481958964,0.1381905516542039,0.1322051796590551,-0.0023251090973064326,0.24625802272802566,0.45613266024048593,0.2279839847666223,-0.029111790365839108,-0.3213583466854575,-0.002949871567556439,-0.007583612863798939,0.20012647624815982,0.18484451808317715,0.11511253437375146
60,0.09645722893130927,0.9192018443388226,0.7030012639793918,0.14737655759631718,0.2060982757335762,0.4227639525728605,0.1665309878048047,-0.11920829598362004,-0.2166703760238038,0.03482255825090996,-0.0163342452977302,0.12584113770734306,0.12842800767332563,0.002857444600561365,0.2624598462703869,0.45892023732523046,0.24208151769894515,-0.02270090629706667,-0.3049105806253847,0.009285141839013633,-0.009494870984442016,0.17998841129394838,0.19620379174250357,0.13126321465981494
61,0.09543481638809823,0.9209533961846801,0.704491431084592,0.14966422686283187,0.19123982421851715,0.4132589804930983,0.16010021296493293,-0.11825719192122786,-0.18002084482559266,0.026373481098653673,-0.021977413127151735,0.14481006113034633,0.12468785074445732,0.004614058454200487,0.25219793001040847,0.4430452345993724,0.2268159112636401,-0.020191704011790268,-0.2835313152975911,0.005965051380766084,-0.006320676725384722,0.18230130293387714,0.20058500442598726,0.10877115947771121
62,0.09454118505509809,0.9201081981313588,0.703028101685843,0.16097846291605955,0.21021753470559812,0.4174491922360123,0.16062786894435732,-0.1178959745633108,-0.21699831335912845,0.018871065254458474,-0.020995337562876637,0.13994029195331492,0.12924605153378843,-0.0010042011307973553,0.2667993996429997,0.4491885475457087,0.23973139948175526,-0.02810042391213763,-0.31777813159821844,0.005816741594247832,-0.004183202395954488,0.1847996207533824,0.1943688965140935,0.11428539760370693
63,0.09505204876287782,0.9200801184641612,0.7045453359692152,0.15023859026176767,0.20205159821273744,0.4020644241466669,0.17029917800568717,-0.12206073952279439,-0.20671228280658505,0.029526271847467145,-0.012764728397902658,0.14947716975598502,0.13495788785844898,-0.0078068658325198825,0.2559637241710925,0.44010394599888614,0.23735364369204714,-0.022863019767798143,-0.30641252860673096,0.0007495060350698468,0.00276971040381524,0.19775342037528676,0.190175110879247,0.11122900731056073
64,0.09128078883652525,0.921833600990593,0.7040585780692317,0.1491710890389023,0.2027641072208105,0.41028734844897397,0.16777982111730805,-0.12483086266477095,-0.21181335508795862,0.023408787307363066,-0.014856496169500577,0.14221823360433494,0.126857978272211,-0.008743175189365404,0.25465492057629935,0.4401282182095507,0.22722255674048308,-0.03252950228070306,-0.3218100735757785,0.00048397879924766407,-0.00446735044569091,0.18825603383469935,0.18895040254592144,0.1137639052646926
65,0.09346963183079145,0.9208813174841313,0.7041661307320671,0.1416940398656893,0.19461678299432716,0.4189679449560991,0.1685894894942156,-0.13191712947973455,-0.20001603937906398,0.03028783501796617,-0.020555338410875867,0.13956019999183045,0.14011654626743353,-0.0007491953362337433,0.25513409909073637,0.4518362080447331,0.2386760850981563,-0.027459110432929812,-0.31701487290884023,0.0016023835268512698,-0.006517339391593602,0.18798356066337862,0.1907909821499859,0.10723513662448925
66,0.10316822893406952,0.9166231805162317,0.7005078501854944,0.152906296567084,0.21410183480592715,0.43053271816834493,0.17296183254753017,-0.11816842209286671,-0.1822595403722851,0.03254110792789655,-0.021991312087398907,0.14630721808233882,0.13194949118365396,0.007375563970980048,0.2624436258447522,0.47332129242290955,0.2549732669344098,-0.025575707771436695,-0.2810431857279474,0.005455343844339655,-0.010627764028935616,0.1919951306387424,0.19825797090667063,0.1310760458507506
67,0.09242636669816814,0.9215245698444564,0.7040546370539609,0.14587171525967557,0.1972786594417658,0.41708942253409853,0.16815586209161337,-0.12387308573554812,-0.19946042673440512,0.02616288978011072,-0.026125375966610465,0.13131013279973158,0.11947978538204718,-0.006483249419588555,0.25174199379932793,0.45157936446649216,0.2388937337806747,-0.033583669933554994,-0.30704130986521383,0.0018031459581149267,0.0005447763021163565,0.1723311018428959,0.1939871991735349,0.12129103570425259
68,0.09727167114377659,0.9193437733822752,0.7030582858149635,0.16926200406396386,0.20423560633250037,0.4224375594769506,0.1713996711075616,-0.13440211865968998,-0.18065613058175556,0.03337809981170137,-0.012912581099539633,0.13496957253016728,0.1313065337286392,-0.0052579220406807625,0.2550896211528756,0.45028998822158117,0.24010488191095136,-0.032030528813921544,-0.2943639367030737,0.007669247924059208,-8.995842519921027e-05,0.18426930330326396,0.1896176960153193,0.10838848476363372
69,0.09375463765470282,0.9210456605832439,0.7045332542838518,0.14776889828866702,0.19038365300420734,0.42393235943649554,0.15982675622725462,-0.12929702659512832,-0.19937832013943657,0.042494232757156136,-0.02157228984394899,0.14325751875130077,0.13024778084957223,0.01120336001878186,0.23740982195964677,0.4471230396413406,0.22541537649157584,-0.034891450101901755,-0.308880028036679,0.014526510720900832,-0.005231850896493029,0.18954673494832175,0.1969146697198788,0.10804764354724694
70,0.10000511360706353,0.9189495113039747,0.7022780369315273,0.14977356504549377,0.19327617615817771,0.4226820326559664,0.17307331666726988,-0.12493705051090931,-0.16539670935245043,0.012624627276113243,-0.014005701750679611,0.13472227683704707,0.13904325629431502,0.00653968297759755,0.24679829676484988,0.46297667624567473,0.2457676913478618,-0.02687305367793913,-0.2562265179375698,-0.009516124474014065,0.003086846165959334,0.18799535318579474,0.1918311430518571,0.12687160277791798
71,0.09292124323159005,0.9213660002966955,0.7045694092859657,0.14762799285376915,0.19312109872467453,0.4192056159202686,0.16799538854732343,-0.12898095342560412,-0.21021493705590122,0.010129805095089095,-0.011751644533343653,0.1347166157825015,0.13006480776321427,0.00013801585478789846,0.25166723319048145,0.44758748562666106,0.23356693994934696,-0.02960628227151285,-0.30209322087138424,-0.015143498055160354,0.0006628858973034557,0.188980361884433,0.20169402017358895,0.12197837681285428
72,0.09407532614500863,0.9209936091214683,0.7040980045713188,0.15177470274537086,0.2021880305878978,0.410517901940325,0.16340450562549702,-0.1330281978076524,-0.19322546085069403,0.034637791330971,-0.017116514913845915,0.13491385834482517,0.12358376089280798,0.003689373617641878,0.2595438564893453,0.4471645542821928,0.23143042080482956,-0.028044306006702824,-0.30181139313651273,0.00527748914300652,-0.004829889981516899,0.17866735438802883,0.1901784681114359,0.11666554343793056
73,0.09564033287347787,0.9197395221540013,0.70287069994787,0.14774512259818695,0.20729463536086823,0.4070888273838017,0.17207897065811295,-0.12423592396618988,-0.2035187075001499,0.05621876748095367,-0.017166263413527894,0.14228272286977273,0.11096507612640205,0.007311957362420407,0.2628284474093179,0.43803131345705193,0.2389225492894821,-0.023297492021413957,-0.3036959147889844,0.01487818370853633,-0.0024521140369098138,0.17410084696171402,0.19036384269261464,0.11270214271097567
74,0.09642907222245413,0.9204314058159804,0.7037725939476894,0.1684736019402372,0.19114775163659525,0.4124980128745178,0.1668151514824251,-0.11143133507634073,-0.17725241066759057,0.023591849159103617,-0.0207285058004969,0.1344142520499405,0.1268900255363622,0.0059223901141329804,0.24209672919514558,0.45478586424940315,0.23539278991724688,-0.019689274728113215,-0.27717215121369243,-0.003992014393515042,-0.005853112991916154,0.17504283647864927,0.18464067064831868,0.11941739626112358
75,0.09440506703879772,0.9210506887632998,0.7038698995270614,0.15139259583398768,0.18978688343084316,0.4047881653519855,0.16063107311950775,-0.11008647426087648,-0.19630234285308767,0.02666288000055539,-0.015306030248562141,0.12942911129128853,0.1339475967905821,-0.010425279571599555,0.24686010636083688,0.4410041788069097,0.23207507367681657,-0.011499626444001487,-0.2810638207209968,0.009505311014113671,-0.006318507979719001,0.18193894437732505,0.18724423458256212,0.11824233525628147
76,0.09691895001739524,0.9193979868404293,0.703051445611757,0.14457163023650987,0.19488830886059794,0.41964312694982997,0.1699101734431796,-0.1079789862423135,-0.20864167732162953,0.010954396948088418,-0.02154913714989526,0.14587720344235622,0.1307858606043164,0.00875083546577593,0.2487869112034391,0.4574029203262159,0.2456750154456706,-0.016627080915609938,-0.3001066330931561,0.0003811826658735029,-0.0020601787305050134,0.20591738833455764,0.19008226414748963,0.11863442574450889
77,0.09226755085594764,0.9213090831393764,0.7034774242694681,0.15381229401240504,0.19308092876875615,0.42102779909171384,0.167197429172381,-0.12906532934851067,-0.20989936612186444,0.02405252708693162,-0.011613875822503728,0.13109669015964753,0.13298615821325643,0.01495192101552767,0.24741102984485597,0.4496071529681208,0.2308091934422053,-0.034444190372319605,-0.3250081500565394,-0.01374262546370364,-0.0010932976813780027,0.18196317321991362,0.19899758858007577,0.11549151726592899
78,0.09173631475482136,0.9232910761611147,0.7057168626811231,0.14070465080722716,0.1841165421247939,0.3953092517000171,0.1573635875876045,-0.11626827122693228,-0.17400018012210916,0.015427384908644037,-0.01921918987839133,0.1348668076298859,0.12735982941785184,-0.007650933647748603,0.23210254363940175,0.443405206744243,0.2190602611928334,-0.024650189921211485,-0.2697817340269888,-0.002357466641603967,-0.0023210879865753764,0.1854260856462071,0.18400858634625417,0.12356092555784548
79,0.09479367264674891,0.9200115184302405,0.7038459157800897,0.16022337072169357,0.20963754084286323,0.39916038123293207,0.16893980396657804,-0.12653561989785556,-0.21310022626692326,0.0414446357915057,-0.016955823837735418,0.14081703190002914,0.1288223302546173,-0.006868542359367957,0.27097442152119167,0.43609731219805303,0.2426326315657471,-0.030543090254745442,-0.3054801355670207,0.00875288871240143,-0.011779332060887437,0.17779154333082214,0.19173139915373782,0.12490460463409048
80,0.09700271006600741,0.9201663318582736,0.7037639017625316,0.1650126756346476,0.1940893249589677,0.41916727768696005,0.16629327561167717,-0.130467117204343,-0.17925706542005893,0.020951871182373627,-0.024162072333924867,0.13568822059243846,0.13909937077796408,0.001895558181116419,0.2542978532811704,0.44840962057070644,0.23659131210466933,-0.03361708647686523,-0.2746657200566631,-0.002951137818482552,-0.006907541929749961,0.18555657358545008,0.2039995227154956,0.11803219574260637
81,0.09841760779651916,0.9205659971402833,0.7028222103044123,0.1505540818409249,0.19634641480831783,0.41059941273277634,0.1620619518031039,-0.11752074593946493,-0.15258046779793522,0.023876669735785505,-0.01352298975392241,0.13221138952795897,0.1224549603597016,0.0013973988582951513,0.25287420149154594,0.45111133980435636,0.2244716306021075,-0.022174415439514483,-0.2432172796982517,-0.004089240503687419,-0.004450402681958954,0.18658406091383795,0.1889361128061704,0.12084568025675535
82,0.09724688524691368,0.9192025278296867,0.7029635424916458,0.15308408447217747,0.1989727789487864,0.411390695715362,0.1723652102800488,-0.11050739711520774,-0.19387686032016238,0.0357977160377313,-0.00851714712680729,0.12906110732005982,0.11681999266985654,-0.001584220968500194,0.2553918712755927,0.4460149904103927,0.2509999354963167,-0.018268832189781703,-0.28111815005555796,0.011337277002199775,-0.000610127374829128,0.1730154001083637,0.18303515325589725,0.11938111234324833
83,0.0926480895264946,0.9210785547202838,0.7039122414648582,0.14225631908929948,0.18769257597935973,0.42267495423208623,0.1717565831432013,-0.11102718780512766,-0.21409670012974424,0.01977611979008631,-0.014751397578034897,0.13494424608793198,0.13376622776607217,0.0008814507384844461,0.23635524715962108,0.456217124782782,0.2318078808247771,-0.013904698413541139,-0.32306798083459665,-0.004342821206894776,-0.005747424223363717,0.19196825891855474,0.18772954491714622,0.11472155681828689
84,0.09578624535965163,0.9199628142453367,0.7035584469554927,0.15698944276844817,0.20217235881380968,0.4115898181902955,0.17116992579307022,-0.12968266706934828,-0.19072791197366223,0.03817304648822928,-0.0055377574439383626,0.12429429245541979,0.11595056549206828,-0.006061033456308262,0.2633151694884186,0.4500538166476905,0.241482343439407,-0.03138883626190525,-0.29566480052266564,0.013516494679570057,-0.013774017569967212,0.18292430846109486,0.19730285712441709,0.1154137370085403
85,0.09037986065270379,0.9226096677348764,0.7053073725281426,0.1386804058365042,0.19886169653009356,0.3971614114800711,0.16507746725196382,-0.1281638776119336,-0.19748830351219948,0.03475271841837779,-0.014943210344034785,0.1362425737147287,0.12462465154595948,-0.01482225739600418,0.2530428044437928,0.4365441390243493,0.22243717535733598,-0.02870619749730996,-0.3152578766553411,0.013377075726964782,-0.008485810884996114,0.18610286373249763,0.1866006032062547,0.11233902133970475
86,0.0923059459687771,0.9208747971728541,0.7034489384812407,0.15991637011515958,0.20468380361102512,0.42958181226031367,0.17489898723515307,-0.1432843778517654,-0.21980424295817946,0.02491716852014847,-0.0202160834465408,0.13746494584332014,0.12962581665582984,-0.0069278202690898905,0.26192045603682546,0.46452772627656846,0.2369752075421947,-0.04434295289985668,-0.3343675166971769,-0.008542708135816035,-0.006380814540950075,0.18036178146032966,0.19973272736304426,0.11768457922378217
87,0.09876952045615088,0.9193370645108137,0.7022190746819561,0.15381045040767172,0.2021477831665237,0.4151175370339748,0.16952381897591529,-0.12612966035711715,-0.1820666370911137,0.024070668141260576,-0.023966043490091016,0.13511704308748063,0.13130652045507019,0.008678402061732982,0.2564185270605702,0.45246507499172883,0.2378505372625197,-0.0301862625980871,-0.2656531211211215,0.006753176906956537,-0.00651212547408897,0.186610447506382,0.19992043625539635,0.12888335639760484
88,0.09549756103492794,0.9205766258571783,0.7025811916539813,0.1650581749570118,0.1969925272995552,0.41481056299951224,0.16400841958095203,-0.10867720912500012,-0.18835177751870757,0.02061434395118078,-0.03726764546929684,0.13837110574364486,0.11752610993513446,0.008616206614300626,0.24902040433429007,0.44769563823423364,0.23133824637463973,-0.013069780313060386,-0.304838430015941,-0.003671752454633026,-0.0036508140957289825,0.18556316476309398,0.19798182209633697,0.12737946384196852
89,0.09820342757149939,0.9192375191629478,0.7020714931550927,0.13522188423216286,0.20169534560903912,0.4216069750312259,0.17759460920821712,-0.13050878661108145,-0.1765766874194563,0.03305489403605111,-0.015067422287485144,0.13878500906808622,0.12862690322183767,-0.0053154173732676835,0.2552826879838406,0.45801851109370095,0.24423801790285526,-0.03329574911747346,-0.27728125245943813,0.004194794691240289,-0.0028284549069383935,0.1873361233875419,0.1977479602074501,0.11974203350337842
90,0.09574906251818328,0.9204471664166657,0.7040729880987223,0.14039510826629675,0.19801362347367202,0.4100683084906488,0.16994214833622867,-0.10701519303139717,-0.1960589259288179,0.020287543759251125,-0.020090171061114992,0.12880851498659507,0.12482721302534516,-0.008709152414266175,0.2446698587333781,0.45060461077650515,0.2489013977969733,-0.008148185177277334,-0.26971333620502014,-0.007136328290695548,-0.004618619235326138,0.18030771680974256,0.19570134485353408,0.11969283491759386
91,0.09002549318739936,0.9225685171589258,0.7054875569494895,0.14915401230163716,0.19678815117342785,0.38016352355181415,0.1668159082851397,-0.12883744281236376,-0.20307521480677604,0.03571375446668401,-0.016304357665692715,0.13970846582504137,0.13505064583369442,-0.013536442225462686,0.25118404298572905,0.4177794939536009,0.23104922317939613,-0.029612022203077792,-0.31116376577053906,0.007054350135736853,-0.00440324320157881,0.1810704173755725,0.19187679943793323,0.11405905711546982
92,0.09748540733793958,0.9196290437753809,0.7025319120326872,0.15189494969614614,0.2080786797635359,0.4126082096594652,0.17148596699066698,-0.11833437018278992,-0.18178181867434806,0.03314971159163571,-0.01812177879417387,0.13294563969244588,0.11246628162366834,-0.009795964568401594,0.26359549180937136,0.45394334834002203,0.2417789082899583,-0.021768153211910946,-0.278956914455019,0.002481347247778931,-0.007465058154189519,0.17788578582942183,0.2003899760589739,0.12071331554447373
93,0.09315939441175163,0.9215779869921826,0.7054120861036254,0.15211891900599417,0.20051473612803894,0.4079804812018093,0.16149763251105154,-0.11085816046687191,-0.20257476963157006,0.03038683729166114,-0.014217529908795656,0.13871380231128394,0.12305695703266084,-0.01414627785060607,0.2499025735912952,0.44577530086585193,0.22545848701007176,-0.02191996328905632,-0.2972447856456144,-0.0023319190766821762,-0.005333822549921097,0.19476118205137094,0.18763708717644667,0.10717051488836549
94,0.09687191440987794,0.9197624524165795,0.7038486383971065,0.1569937893020169,0.20766588836074795,0.40537937137675384,0.16637752967368424,-0.1278785508741227,-0.19408934513220388,0.024455384351190212,-0.015636474024059988,0.1335075575131407,0.13388037460302582,0.008767630419724615,0.2704458895042582,0.4347366074450032,0.2371836097565223,-0.02833697282496006,-0.2827343022462061,0.0025792400500176393,-0.0069433951063313515,0.18047580586978318,0.2056485207673997,0.12183204382205237
95,0.09569729616079509,0.9209541177589396,0.703209554740104,0.14695269185950688,0.20393242978034232,0.41655186665209143,0.15942747720571415,-0.11797446587966598,-0.17947528010571978,0.032084097644879184,-0.027303969260698002,0.14045034915804677,0.12150675278343015,-0.00669530674302754,0.2605172269118873,0.45686623982423036,0.22505987247807446,-0.028056462268155835,-0.2828851557274772,0.004806568143879142,-0.007337805544607168,0.18392389366674544,0.18619128747859737,0.12110091131862366
96,0.10154901690730075,0.9172760111511856,0.701763379202615,0.15839619509389236,0.2072428938384443,0.41235019033234677,0.16922030010819478,-0.11510236186484168,-0.19697165595725075,0.03457445505518175,-0.013695282155265609,0.14079185908156622,0.1242018500885339,0.014961342080191509,0.26780156919248654,0.45727581666320594,0.23844913024391512,-0.014130129806642966,-0.29043394165638725,0.004830293054642887,1.4927717966184417e-05,0.1964758459297089,0.20246162152880198,0.13381443648462532
97,0.09172124108253983,0.9214516088069064,0.7045145956269036,0.13695113611030907,0.18738263673611966,0.413947973266668,0.17412536924135602,-0.11717796476554443,-0.2074663957428573,0.021004842797069823,-0.014452882341280171,0.13656305430043625,0.1359018275483762,-0.01565865758249596,0.2497431831511967,0.4489476506816509,0.24700548161407065,-0.019243437081235104,-0.31791024218865527,-0.008821611345997793,-0.009993332325332283,0.1806275132184345,0.18693557062957789,0.11773434681146921
98,0.09671572798879276,0.9202672163210648,0.7027355052021091,0.13313762049439892,0.20694046159321955,0.4235961179549613,0.16739097936993774,-0.11886723333983085,-0.1833421973726368,0.015379529154733174,-0.023048631642864414,0.13572783332381844,0.12097543844898828,-0.004616115429312062,0.27034937624399424,0.46620051299176557,0.23123947964771285,-0.026598370480206412,-0.2904204814712721,-0.003730009585782401,-0.0054897573888215145,0.19760626317820174,0.1976662095562145,0.12093326251742831
99,0.09586291983922782,0.9205933194038878,0.7045957798340018,0.16068478871362235,0.1876306877729279,0.41210705725295493,0.16801296710394498,-0.11590341504194668,-0.1848867279816402,0.03261467227392045,-0.016171575643164182,0.12961934387540264,0.12191330097988606,-0.0005779943375656682,0.24553008777422503,0.4419912739859846,0.2361360931160703,-0.022004763750159473,-0.2689230117514325,0.007411766159616029,-0.004592493448883461,0.17809619076259187,0.1922191387604275,0.11221393004700131
100,0.09606581892320748,0.9200830131305071,0.703550730198227,0.1626920336560157,0.19929610805881637,0.4057516615143444,0.17391018898124522,-0.11827631353521229,-0.19220626083794978,0.035401788554200286,-0.01825502354093067,0.13293043598445975,0.11972187565424419,-0.0059670197411798576,0.2595470193523667,0.44595381632446174,0.24448497696060167,-0.018066684868105032,-0.28095776909569126,0.005526951235567679,-0.005423859328177683,0.17658500242973263,0.17946564494028028,0.11526762468826723
